Grand Prix,Driver,Car,Time,DriverCode,Year
Great Britain,Nino Farina,Alfa Romeo,1:50.600,FAR,1950
Monaco,Juan Manuel Fangio,Alfa Romeo,1:51.000,FAN,1950
Indianapolis 500,Johnnie Parsons,Kurtis Kraft Offenhauser,,PAR,1950
Switzerland,Nino Farina,Alfa Romeo,2:41.600,FAR,1950
Belgium,Nino Farina,Alfa Romeo,4:34.100,FAR,1950
France,Juan Manuel Fangio,Alfa Romeo,2:35.600,FAN,1950
Italy,Juan Manuel Fangio,Alfa Romeo,2:00.000,FAN,1950
Switzerland,Juan Manuel Fangio,Alfa Romeo,2:51.100,FAN,1951
Indianapolis 500,Lee Wallard,Kurtis Kraft Offenhauser,1:07.260,WAL,1951
Belgium,Juan Manuel Fangio,Alfa Romeo,4:22.100,FAN,1951
France,Juan Manuel Fangio,Alfa Romeo,2:27.800,FAN,1951
Great Britain,Nino Farina,Alfa Romeo,1:44.000,FAR,1951
Germany,Juan Manuel Fangio,Alfa Romeo,9:55.800,FAN,1951
Italy,Nino Farina,Alfa Romeo,1:56.500,FAR,1951
Spain,Juan Manuel Fangio,Alfa Romeo,2:16.930,FAN,1951
Switzerland,Piero Taruffi,Ferrari,2:49.100,TAR,1952
Indianapolis 500,Bill Vukovich,Kurtis Kraft Offenhauser,1:06.600,VUK,1952
Belgium,Alberto Ascari,Ferrari,4:55.000,ASC,1952
France,Alberto Ascari,Ferrari,2:17.300,ASC,1952
Great Britain,Alberto Ascari,Ferrari,1:52.000,ASC,1952
Germany,Alberto Ascari,Ferrari,10:05.100,ASC,1952
Netherlands,Alberto Ascari,Ferrari,1:49.800,ASC,1952
Italy,Alberto Ascari,Ferrari,2:06.100,ASC,1952
Argentina,Alberto Ascari,Ferrari,1:48.400,ASC,1953
Indianapolis 500,Bill Vukovich,Kurtis Kraft Offenhauser,1:06.240,VUK,1953
Netherlands,Luigi Villoresi,Ferrari,1:52.800,VIL,1953
Belgium,Jose Froilan Gonzalez,Maserati,4:34.000,GON,1953
France,Juan Manuel Fangio,Maserati,2:41.100,FAN,1953
Great Britain,Alberto Ascari,Ferrari,1:50.000,ASC,1953
Germany,Alberto Ascari,Ferrari,9:56.000,ASC,1953
Switzerland,Alberto Ascari,Ferrari,2:41.300,ASC,1953
Italy,Juan Manuel Fangio,Maserati,2:04.500,FAN,1953
Argentina,Jose Froilan Gonzalez,Ferrari,1:48.200,GON,1954
Indianapolis 500,Jack McGrath,Kurtis Kraft Offenhauser,1:04.040,MCG,1954
Belgium,Juan Manuel Fangio,Maserati,4:25.500,FAN,1954
France,Hans Herrmann,Mercedes-Benz,2:32.900,HER,1954
Great Britain,Alberto Ascari,Maserati,1:50.000,ASC,1954
Germany,Karl Kling,Mercedes-Benz,9:55.100,KLI,1954
Switzerland,Juan Manuel Fangio,Mercedes-Benz,2:39.700,FAN,1954
Italy,Jose Froilan Gonzalez,Ferrari,2:00.800,GON,1954
Spain,Alberto Ascari,Lancia,2:20.400,ASC,1954
Argentina,Juan Manuel Fangio,Mercedes-Benz,1:48.300,FAN,1955
Monaco,Juan Manuel Fangio,Mercedes-Benz,1:42.400,FAN,1955
Indianapolis 500,Bill Vukovich,Kurtis Kraft Offenhauser,1:03.670,VUK,1955
Belgium,Juan Manuel Fangio,Mercedes-Benz,4:20.600,FAN,1955
Netherlands,Roberto Mieres,Maserati,1:40.900,MIE,1955
Great Britain,Stirling Moss,Mercedes-Benz,2:00.400,MOS,1955
Italy,Stirling Moss,Mercedes-Benz,2:46.900,MOS,1955
Argentina,Juan Manuel Fangio,Ferrari,1:45.300,FAN,1956
Monaco,Juan Manuel Fangio,Ferrari,1:44.400,FAN,1956
Indianapolis 500,Paul Russo,Kurtis Kraft Novi,1:02.320,RUS,1956
Belgium,Stirling Moss,Maserati,4:14.700,MOS,1956
France,Juan Manuel Fangio,Ferrari,2:25.800,FAN,1956
Great Britain,Stirling Moss,Maserati,1:43.200,MOS,1956
Germany,Juan Manuel Fangio,Ferrari,9:41.600,FAN,1956
Italy,Stirling Moss,Maserati,2:45.500,MOS,1956
Argentina,Stirling Moss,Maserati,1:44.700,MOS,1957
Monaco,Juan Manuel Fangio,Maserati,1:45.600,FAN,1957
Indianapolis 500,Jim Rathmann,Epperly Offenhauser,1:02.750,RAT,1957
France,Luigi Musso,Ferrari,2:22.400,MUS,1957
Great Britain,Stirling Moss,Vanwall,1:59.200,MOS,1957
Germany,Juan Manuel Fangio,Maserati,9:17.400,FAN,1957
Pescara,Stirling Moss,Vanwall,9:44.600,MOS,1957
Italy,Tony Brooks,Vanwall,1:43.700,BRO,1957
Argentina,Juan Manuel Fangio,Maserati,1:41.800,FAN,1958
Monaco,Mike Hawthorn,Ferrari,1:40.600,HAW,1958
Netherlands,Stirling Moss,Vanwall,1:37.600,MOS,1958
Indianapolis 500,Tony Bettenhausen,Epperly Offenhauser,1:02.370,BET,1958
Belgium,Mike Hawthorn,Ferrari,3:58.300,HAW,1958
France,Mike Hawthorn,Ferrari,2:24.900,HAW,1958
Great Britain,Mike Hawthorn,Ferrari,1:40.800,HAW,1958
Germany,Stirling Moss,Vanwall,9:09.200,MOS,1958
Portugal,Mike Hawthorn,Ferrari,2:32.270,HAW,1958
Italy,Phil Hill,Ferrari,1:42.900,HIL,1958
Morocco,Stirling Moss,Vanwall,2:22.500,MOS,1958
Monaco,Jack Brabham,Cooper Climax,1:40.400,BRA,1959
Indianapolis 500,Johnny Thomson,Lesovsky Offenhauser,1:01.890,THO,1959
Netherlands,Stirling Moss,Cooper Climax,1:36.700,MOS,1959
France,Stirling Moss,BRM,2:22.800,MOS,1959
Great Britain,Stirling Moss,BRM,1:57.000,MOS,1959
Germany,Tony Brooks,Ferrari,2:04.500,BRO,1959
Portugal,Stirling Moss,Cooper Climax,2:05.070,MOS,1959
Italy,Phil Hill,Ferrari,1:40.400,HIL,1959
United States,Maurice Trintignant,Cooper Climax,3:05.000,TRI,1959
Argentina,Stirling Moss,Cooper Climax,1:38.900,MOS,1960
Monaco,Bruce McLaren,Lotus Climax,1:36.200,MCL,1960
Indianapolis 500,Jim Rathmann,Watson Offenhauser,1:01.590,RAT,1960
Netherlands,Stirling Moss,Lotus Climax,1:33.800,MOS,1960
Belgium,Phil Hill,Ferrari,3:51.900,HIL,1960
France,Jack Brabham,Cooper Climax,2:17.500,BRA,1960
Great Britain,Graham Hill,BRM,1:34.400,HIL,1960
Portugal,John Surtees,Lotus Climax,2:27.530,SUR,1960
Italy,Phil Hill,Ferrari,2:43.600,HIL,1960
United States,Jack Brabham,Cooper Climax,1:56.300,BRA,1960
Monaco,Richie Ginther,Ferrari,1:36.300,GIN,1961
Netherlands,Jim Clark,Lotus Climax,1:35.500,CLA,1961
Belgium,Richie Ginther,Ferrari,3:59.800,GIN,1961
France,Phil Hill,Ferrari,2:27.100,HIL,1961
Great Britain,Tony Brooks,BRM Climax,1:57.800,BRO,1961
Germany,Phil Hill,Ferrari,8:57.800,HIL,1961
Italy,Giancarlo Baghetti,Ferrari,2:48.400,BAG,1961
United States,Jack Brabham,Cooper Climax,1:18.200,BRA,1961
Netherlands,Bruce McLaren,Cooper Climax,1:34.400,MCL,1962
Monaco,Jim Clark,Lotus Climax,1:35.500,CLA,1962
Belgium,Jim Clark,Lotus Climax,3:55.600,CLA,1962
France,Graham Hill,BRM,2:16.900,HIL,1962
Great Britain,Jim Clark,Lotus Climax,1:55.000,CLA,1962
Germany,Graham Hill,BRM,10:12.200,HIL,1962
Italy,Graham Hill,BRM,1:42.300,HIL,1962
United States,Jim Clark,Lotus Climax,1:15.000,CLA,1962
South Africa,Jim Clark,Lotus Climax,1:31.000,CLA,1962
Monaco,John Surtees,Ferrari,1:34.500,SUR,1963
Belgium,Jim Clark,Lotus Climax,3:58.100,CLA,1963
Netherlands,Jim Clark,Lotus Climax,1:33.700,CLA,1963
France,Jim Clark,Lotus Climax,2:21.600,CLA,1963
Great Britain,John Surtees,Ferrari,1:36.000,SUR,1963
Germany,John Surtees,Ferrari,8:47.000,SUR,1963
Italy,Jim Clark,Lotus Climax,1:38.900,CLA,1963
United States,Jim Clark,Lotus Climax,1:14.500,CLA,1963
Mexico,Jim Clark,Lotus Climax,1:58.100,CLA,1963
South Africa,Dan Gurney,Brabham Climax,1:29.100,GUR,1963
Monaco,Graham Hill,BRM,1:33.900,HIL,1964
Netherlands,Jim Clark,Lotus Climax,1:32.800,CLA,1964
Belgium,Dan Gurney,Brabham Ford,3:49.200,GUR,1964
France,Jack Brabham,Brabham Ford,2:11.400,BRA,1964
Great Britain,Jim Clark,Lotus Climax,1:38.800,CLA,1964
Germany,John Surtees,Ferrari,8:39.000,SUR,1964
Austria,Dan Gurney,Brabham Ford,1:10.560,GUR,1964
Italy,John Surtees,Ferrari,1:38.800,SUR,1964
United States,Jim Clark,Lotus Climax,1:12.700,CLA,1964
Mexico,Jim Clark,Lotus Climax,1:58.370,CLA,1964
South Africa,Jim Clark,Lotus Climax,1:27.600,CLA,1965
Monaco,Graham Hill,BRM,1:31.700,HIL,1965
Belgium,Jim Clark,Lotus Climax,4:12.900,CLA,1965
France,Jim Clark,Lotus Climax,3:18.900,CLA,1965
Great Britain,Graham Hill,BRM,1:32.200,HIL,1965
Netherlands,Jim Clark,Lotus Climax,1:30.600,CLA,1965
Germany,Jim Clark,Lotus Climax,8:24.100,CLA,1965
Italy,Jim Clark,Lotus Climax,1:36.400,CLA,1965
United States,Graham Hill,BRM,1:11.900,HIL,1965
Mexico,Dan Gurney,Brabham Climax,1:55.840,GUR,1965
Monaco,Lorenzo Bandini,Ferrari,1:29.800,BAN,1966
Belgium,John Surtees,Ferrari,4:18.700,SUR,1966
France,Lorenzo Bandini,Ferrari,2:11.300,BAN,1966
Great Britain,Jack Brabham,Brabham Climax,1:37.000,BRA,1966
Netherlands,Denny Hulme,Brabham Climax,1:30.600,HUL,1966
Germany,John Surtees,Cooper Maserati,8:49.000,SUR,1966
Italy,Ludovico Scarfiotti,Ferrari,1:32.400,SCA,1966
United States,John Surtees,Cooper Maserati,1:09.670,SUR,1966
Mexico,Richie Ginther,Honda,1:53.750,GIN,1966
South Africa,Denny Hulme,Brabham Repco,1:29.900,HUL,1967
Monaco,Jim Clark,Lotus Climax,1:29.500,CLA,1967
Netherlands,Jim Clark,Lotus Climax,1:28.080,CLA,1967
Belgium,Dan Gurney,Eagle Climax,3:31.900,GUR,1967
France,Graham Hill,Lotus Climax,1:36.700,HIL,1967
Great Britain,Denny Hulme,Brabham Repco,1:27.000,HUL,1967
Germany,Dan Gurney,Eagle Climax,8:15.100,GUR,1967
Canada,Jim Clark,Lotus Climax,1:23.100,CLA,1967
Italy,Jim Clark,Lotus Climax,1:28.500,CLA,1967
United States,Graham Hill,Lotus Climax,1:06.000,HIL,1967
Mexico,Jim Clark,Lotus Climax,1:48.130,CLA,1967
South Africa,Jim Clark,Lotus Ford,1:23.700,CLA,1968
Spain,Jean-Pierre Beltoise,Matra Ford,1:28.300,BEL,1968
Monaco,Richard Attwood,BRM,1:28.100,ATT,1968
Belgium,John Surtees,Honda,3:30.500,SUR,1968
Netherlands,Jean-Pierre Beltoise,Matra Ford,1:45.910,BEL,1968
France,Pedro Rodriguez,BRM,2:11.500,ROD,1968
Great Britain,Jo Siffert,Lotus Ford,1:29.700,SIF,1968
Germany,Jackie Stewart,Matra Ford,9:36.000,STE,1968
Italy,Jackie Oliver,Lotus Ford,1:26.500,OLI,1968
Canada,Jo Siffert,Lotus Ford,1:35.100,SIF,1968
United States,Jackie Stewart,Matra Ford,1:05.220,STE,1968
Mexico,Jo Siffert,Lotus Ford,1:44.230,SIF,1968
South Africa,Jackie Stewart,Matra Ford,1:21.600,STE,1969
Spain,Jochen Rindt,Lotus Ford,1:28.300,RIN,1969
Monaco,Jackie Stewart,Matra Ford,1:25.100,STE,1969
Netherlands,Jackie Stewart,Matra Ford,1:22.940,STE,1969
France,Jackie Stewart,Matra Ford,3:02.700,STE,1969
Great Britain,Jackie Stewart,Matra Ford,1:21.300,STE,1969
Germany,Jacky Ickx,Brabham Climax,7:43.800,ICK,1969
Italy,Jean-Pierre Beltoise,Matra Ford,1:25.200,BEL,1969
Canada,Jacky Ickx,Brabham Climax,1:18.100,ICK,1969
United States,Jochen Rindt,Lotus Ford,1:04.340,RIN,1969
Mexico,Jacky Ickx,Brabham Climax,1:43.050,ICK,1969
South Africa,John Surtees,McLaren Ford,1:20.800,SUR,1970
Spain,Jack Brabham,Brabham Ford,1:24.300,BRA,1970
Monaco,Jochen Rindt,Lotus Ford,1:23.200,RIN,1970
Belgium,Chris Amon,March Ford,3:27.400,AMO,1970
Netherlands,Jacky Ickx,Ferrari,1:19.230,ICK,1970
France,Jack Brabham,Brabham Ford,3:00.750,BRA,1970
Great Britain,Jack Brabham,Brabham Ford,1:25.900,BRA,1970
Germany,Jacky Ickx,Ferrari,2:00.500,ICK,1970
Austria,Jacky Ickx,Ferrari,1:40.400,ICK,1970
Italy,Clay Regazzoni,Ferrari,1:25.200,REG,1970
Canada,Clay Regazzoni,Ferrari,1:32.200,REG,1970
United States,Jacky Ickx,Ferrari,1:02.740,ICK,1970
Mexico,Jacky Ickx,Ferrari,1:43.110,ICK,1970
South Africa,Mario Andretti,Ferrari,1:20.300,AND,1971
Spain,Jacky Ickx,Ferrari,1:25.100,ICK,1971
Monaco,Jackie Stewart,Tyrrell Ford,1:22.200,STE,1971
Netherlands,Jacky Ickx,Ferrari,1:34.950,ICK,1971
France,Jackie Stewart,Tyrrell Ford,1:54.090,STE,1971
Great Britain,Jackie Stewart,Tyrrell Ford,1:19.900,STE,1971
Germany,Francois Cevert,Tyrrell Ford,7:20.100,CEV,1971
Austria,Jo Siffert,BRM,1:38.470,SIF,1971
Italy,Henri Pescarolo,March Ford,1:23.800,PES,1971
Canada,Denny Hulme,McLaren Ford,1:43.500,HUL,1971
United States,Jacky Ickx,Ferrari,1:43.474,ICK,1971
Argentina,Jackie Stewart,Tyrrell Ford,1:13.660,STE,1972
South Africa,Mike Hailwood,Surtees Ford,1:18.900,HAI,1972
Spain,Jacky Ickx,Ferrari,1:21.010,ICK,1972
Monaco,Jean-Pierre Beltoise,BRM,1:40.000,BEL,1972
Belgium,Chris Amon,Matra,1:12.120,AMO,1972
France,Chris Amon,Matra,2:53.900,AMO,1972
Great Britain,Jackie Stewart,Tyrrell Ford,1:24.000,STE,1972
Germany,Jacky Ickx,Ferrari,7:13.600,ICK,1972
Austria,Denny Hulme,McLaren Ford,1:38.320,HUL,1972
Italy,Jacky Ickx,Ferrari,1:36.300,ICK,1972
Canada,Jackie Stewart,Tyrrell Ford,1:15.700,STE,1972
United States,Jackie Stewart,Tyrrell Ford,1:41.644,STE,1972
Argentina,Emerson Fittipaldi,Lotus Ford,1:11.220,FIT,1973
Brazil,Emerson Fittipaldi,Lotus Ford,2:35.000,FIT,1973
South Africa,Emerson Fittipaldi,Lotus Ford,1:17.100,FIT,1973
Spain,Ronnie Peterson,Lotus Ford,1:23.800,PET,1973
Belgium,Francois Cevert,Tyrrell Ford,1:25.420,CEV,1973
Monaco,Emerson Fittipaldi,Lotus Ford,1:28.100,FIT,1973
Sweden,Denny Hulme,McLaren Ford,1:26.146,HUL,1973
France,Denny Hulme,McLaren Ford,1:50.990,HUL,1973
Great Britain,James Hunt,March Ford,1:18.600,HUN,1973
Netherlands,Ronnie Peterson,Lotus Ford,1:20.310,PET,1973
Germany,Carlos Pace,Surtees Ford,7:11.400,PAC,1973
Austria,Carlos Pace,Surtees Ford,1:37.290,PAC,1973
Italy,Jackie Stewart,Tyrrell Ford,1:35.300,STE,1973
Canada,Emerson Fittipaldi,Lotus Ford,1:15.496,FIT,1973
United States,James Hunt,March Ford,1:41.652,HUN,1973
Argentina,Clay Regazzoni,Ferrari,1:52.100,REG,1974
Brazil,Clay Regazzoni,Ferrari,2:36.050,REG,1974
South Africa,Carlos Reutemann,Brabham Ford,1:18.160,REU,1974
Spain,Niki Lauda,Ferrari,1:20.830,LAU,1974
Belgium,Denny Hulme,McLaren Ford,1:11.310,HUL,1974
Monaco,Ronnie Peterson,Lotus Ford,1:27.900,PET,1974
Sweden,Patrick Depailler,Tyrrell Ford,1:27.262,DEP,1974
Netherlands,Ronnie Peterson,Lotus Ford,1:21.440,PET,1974
France,Jody Scheckter,Tyrrell Ford,1:00.000,SCH,1974
Great Britain,Niki Lauda,Ferrari,1:21.100,LAU,1974
Germany,Jody Scheckter,Tyrrell Ford,7:11.100,SCH,1974
Austria,Clay Regazzoni,Ferrari,1:37.220,REG,1974
Italy,Carlos Pace,Brabham Ford,1:34.200,PAC,1974
Canada,Niki Lauda,Ferrari,1:13.659,LAU,1974
United States,Carlos Pace,Brabham Ford,1:40.608,PAC,1974
Argentina,James Hunt,Hesketh Ford,1:50.910,HUN,1975
Brazil,Jean-Pierre Jarier,Shadow Matra,2:34.160,JAR,1975
South Africa,Carlos Pace,Brabham Ford,1:17.200,PAC,1975
Spain,Mario Andretti,Parnelli Ford,1:25.100,AND,1975
Monaco,Patrick Depailler,Tyrrell Ford,1:28.670,DEP,1975
Belgium,Clay Regazzoni,Ferrari,1:26.760,REG,1975
Sweden,Niki Lauda,Ferrari,1:28.267,LAU,1975
Netherlands,Niki Lauda,Ferrari,1:21.540,LAU,1975
France,Jochen Mass,McLaren Ford,1:50.600,MAS,1975
Great Britain,Clay Regazzoni,Ferrari,1:20.900,REG,1975
Germany,Clay Regazzoni,Ferrari,7:06.400,REG,1975
Austria,Vittorio Brambilla,March Ford,1:53.900,BRA,1975
Italy,Clay Regazzoni,Ferrari,1:33.100,REG,1975
United States,Emerson Fittipaldi,McLaren Ford,1:43.374,FIT,1975
Brazil,Jean-Pierre Jarier,Shadow Ford,2:35.070,JAR,1976
South Africa,Niki Lauda,Ferrari,1:17.970,LAU,1976
USA West,Clay Regazzoni,Ferrari,1:23.076,REG,1976
Spain,Jochen Mass,McLaren Ford,1:20.930,MAS,1976
Belgium,Niki Lauda,Ferrari,1:25.980,LAU,1976
Monaco,Clay Regazzoni,Ferrari,1:30.280,REG,1976
Sweden,Mario Andretti,Lotus Ford,1:28.002,AND,1976
France,Niki Lauda,Ferrari,1:51.000,LAU,1976
Great Britain,Niki Lauda,Ferrari,1:19.910,LAU,1976
Germany,Jody Scheckter,Tyrrell Ford,7:10.800,SCH,1976
Austria,James Hunt,McLaren Ford,1:35.910,HUN,1976
Netherlands,Clay Regazzoni,Ferrari,1:22.590,REG,1976
Italy,Ronnie Peterson,March Ford,1:41.300,PET,1976
Canada,Patrick Depailler,Tyrrell Ford,1:13.817,DEP,1976
USA East,James Hunt,McLaren Ford,1:42.851,HUN,1976
Japan,Jacques Laffite,Ligier Matra,1:19.970,LAF,1976
Argentina,James Hunt,McLaren Ford,1:51.060,HUN,1977
Brazil,James Hunt,McLaren Ford,2:34.550,HUN,1977
South Africa,John Watson,Brabham Alfa Romeo,1:17.630,WAT,1977
USA West,Niki Lauda,Ferrari,1:22.753,LAU,1977
Spain,Jacques Laffite,Ligier Matra,1:20.810,LAF,1977
Monaco,Jody Scheckter,Wolf Ford,1:31.070,SCH,1977
Belgium,Gunnar Nilsson,Lotus Ford,1:27.540,NIL,1977
Sweden,Mario Andretti,Lotus Ford,1:27.607,AND,1977
France,Mario Andretti,Lotus Ford,1:13.750,AND,1977
Great Britain,James Hunt,McLaren Ford,1:19.600,HUN,1977
Germany,Niki Lauda,Ferrari,1:55.990,LAU,1977
Austria,John Watson,Brabham Alfa Romeo,1:40.960,WAT,1977
Netherlands,Niki Lauda,Ferrari,1:19.990,LAU,1977
Italy,Mario Andretti,Lotus Ford,1:39.100,AND,1977
USA East,Ronnie Peterson,Tyrrell Ford,1:51.854,PET,1977
Canada,Mario Andretti,Lotus Ford,1:13.299,AND,1977
Japan,Jody Scheckter,Wolf Ford,1:14.300,SCH,1977
Argentina,Gilles Villeneuve,Ferrari,1:49.760,VIL,1978
Brazil,Carlos Reutemann,Ferrari,1:43.070,REU,1978
South Africa,Mario Andretti,Lotus Ford,1:17.090,AND,1978
USA West,Alan Jones,Williams Ford,1:22.215,JON,1978
Monaco,Niki Lauda,Brabham Alfa Romeo,1:28.650,LAU,1978
Belgium,Ronnie Peterson,Lotus Ford,1:23.130,PET,1978
Spain,Mario Andretti,Lotus Ford,1:20.060,AND,1978
Sweden,Niki Lauda,Brabham Alfa Romeo,1:24.836,LAU,1978
France,Carlos Reutemann,Ferrari,1:48.560,REU,1978
Great Britain,Niki Lauda,Brabham Alfa Romeo,1:18.600,LAU,1978
Germany,Ronnie Peterson,Lotus Ford,1:55.620,PET,1978
Austria,Ronnie Peterson,Lotus Ford,1:43.120,PET,1978
Netherlands,Niki Lauda,Brabham Alfa Romeo,1:19.570,LAU,1978
Italy,Mario Andretti,Lotus Ford,1:38.230,AND,1978
USA East,Jean-Pierre Jarier,Lotus Ford,1:39.557,JAR,1978
Canada,Alan Jones,Williams Ford,1:38.072,JON,1978
Argentina,Jacques Laffite,Ligier Ford,1:46.910,LAF,1979
Brazil,Jacques Laffite,Ligier Ford,2:28.760,LAF,1979
South Africa,Gilles Villeneuve,Ferrari,1:14.412,VIL,1979
USA West,Gilles Villeneuve,Ferrari,1:21.200,VIL,1979
Spain,Gilles Villeneuve,Ferrari,1:16.440,VIL,1979
Belgium,Gilles Villeneuve,Ferrari,1:23.090,VIL,1979
Monaco,Patrick Depailler,Ligier Ford,1:28.820,DEP,1979
France,Rene Arnoux,Renault,1:09.160,ARN,1979
Great Britain,Clay Regazzoni,Williams Ford,1:14.400,REG,1979
Germany,Gilles Villeneuve,Ferrari,1:51.890,VIL,1979
Austria,Rene Arnoux,Renault,1:35.770,ARN,1979
Netherlands,Gilles Villeneuve,Ferrari,1:19.438,VIL,1979
Italy,Clay Regazzoni,Williams Ford,1:35.600,REG,1979
Canada,Alan Jones,Williams Ford,1:31.272,JON,1979
USA East,Nelson Piquet,Brabham Ford,1:40.054,PIQ,1979
Argentina,Alan Jones,Williams Ford,1:50.450,JON,1980
Brazil,Rene Arnoux,Renault,2:27.310,ARN,1980
South Africa,Rene Arnoux,Renault,1:13.150,ARN,1980
USA West,Nelson Piquet,Brabham Ford,1:19.830,PIQ,1980
Belgium,Jacques Laffite,Ligier Ford,1:20.880,LAF,1980
Monaco,Carlos Reutemann,Williams Ford,1:27.418,REU,1980
France,Alan Jones,Williams Ford,1:41.450,JON,1980
Great Britain,Didier Pironi,Ligier Ford,1:12.368,PIR,1980
Germany,Alan Jones,Williams Ford,1:48.490,JON,1980
Austria,Rene Arnoux,Renault,1:32.530,ARN,1980
Netherlands,Rene Arnoux,Renault,1:19.350,ARN,1980
Italy,Alan Jones,Williams Ford,1:36.089,JON,1980
Canada,Didier Pironi,Ligier Ford,1:28.769,PIR,1980
USA East,Alan Jones,Williams Ford,1:34.068,JON,1980
USA West,Alan Jones,Williams Ford,1:20.901,JON,1981
Brazil,Marc Surer,Ensign Ford,1:54.302,SUR,1981
Argentina,Nelson Piquet,Brabham Ford,1:45.287,PIQ,1981
San Marino,Gilles Villeneuve,Ferrari,1:48.064,VIL,1981
Belgium,Carlos Reutemann,Williams Ford,1:23.300,REU,1981
Monaco,Alan Jones,Williams Ford,1:27.470,JON,1981
Spain,Alan Jones,Williams Ford,1:17.818,JON,1981
France,Alain Prost,Renault,1:09.140,PRO,1981
Great Britain,Rene Arnoux,Renault,1:15.067,ARN,1981
Germany,Alan Jones,Williams Ford,1:52.420,JON,1981
Austria,Jacques Laffite,Ligier Matra,1:37.620,LAF,1981
Netherlands,Alan Jones,Williams Ford,1:21.830,JON,1981
Italy,Carlos Reutemann,Williams Ford,1:37.528,REU,1981
Canada,John Watson,McLaren Ford,1:49.475,WAT,1981
Las Vegas,Didier Pironi,Ferrari,1:20.156,PIR,1981
South Africa,Alain Prost,Renault,1:08.278,PRO,1982
Brazil,Alain Prost,Renault,1:37.016,PRO,1982
USA West,Niki Lauda,McLaren Ford,1:30.831,LAU,1982
San Marino,Didier Pironi,Ferrari,1:35.036,PIR,1982
Belgium,John Watson,McLaren Ford,1:20.214,WAT,1982
Monaco,Riccardo Patrese,Brabham Ford,1:26.354,PAT,1982
Detroit,Alain Prost,Renault,1:50.438,PRO,1982
Canada,Didier Pironi,Ferrari,1:28.323,PIR,1982
Netherlands,Derek Warwick,Toleman Hart,1:19.780,WAR,1982
Great Britain,Brian Henton,Tyrrell Ford,1:13.028,HEN,1982
France,Riccardo Patrese,Brabham Ford,1:40.075,PAT,1982
Germany,Nelson Piquet,Brabham Ford,1:54.035,PIQ,1982
Austria,Nelson Piquet,Brabham Ford,1:33.699,PIQ,1982
Switzerland,Alain Prost,Renault,1:07.477,PRO,1982
Italy,Rene Arnoux,Renault,1:33.619,ARN,1982
Las Vegas,Michele Alboreto,Tyrrell Ford,1:19.639,ALB,1982
Brazil,Nelson Piquet,Brabham BMW,1:39.829,PIQ,1983
USA West,Niki Lauda,McLaren TAG,1:28.330,LAU,1983
France,Alain Prost,Renault,1:42.695,PRO,1983
San Marino,Riccardo Patrese,Brabham BMW,1:34.437,PAT,1983
Monaco,Nelson Piquet,Brabham BMW,1:27.283,PIQ,1983
Belgium,Andrea de Cesaris,Alfa Romeo,2:07.493,DEC,1983
Detroit,John Watson,McLaren TAG,1:47.668,WAT,1983
Canada,Patrick Tambay,Ferrari,1:30.851,TAM,1983
Great Britain,Alain Prost,Renault,1:14.212,PRO,1983
Germany,Rene Arnoux,Ferrari,1:53.938,ARN,1983
Austria,Alain Prost,Renault,1:33.961,PRO,1983
Netherlands,Rene Arnoux,Ferrari,1:19.863,ARN,1983
Italy,Nelson Piquet,Brabham BMW,1:34.431,PIQ,1983
Europe,Nigel Mansell,Lotus Ford,1:14.342,MAN,1983
South Africa,Nelson Piquet,Brabham BMW,1:09.948,PIQ,1983
Brazil,Alain Prost,McLaren TAG,1:36.499,PRO,1984
South Africa,Patrick Tambay,Renault,1:08.877,TAM,1984
Belgium,Rene Arnoux,Ferrari,1:19.294,ARN,1984
San Marino,Nelson Piquet,Brabham BMW,1:33.275,PIQ,1984
France,Alain Prost,McLaren TAG,1:05.257,PRO,1984
Monaco,Ayrton Senna,Toleman Hart,1:54.334,SEN,1984
Canada,Nelson Piquet,Brabham BMW,1:28.763,PIQ,1984
Detroit,Derek Warwick,Renault,1:46.221,WAR,1984
Dallas,Niki Lauda,McLaren TAG,1:45.353,LAU,1984
Great Britain,Niki Lauda,McLaren TAG,1:13.191,LAU,1984
Germany,Alain Prost,McLaren TAG,1:53.538,PRO,1984
Austria,Niki Lauda,McLaren TAG,1:32.882,LAU,1984
Netherlands,Rene Arnoux,Ferrari,1:19.465,ARN,1984
Italy,Niki Lauda,McLaren TAG,1:31.912,LAU,1984
Europe,Nelson Piquet,Brabham BMW,1:23.146,PIQ,1984
Portugal,Niki Lauda,McLaren TAG,1:22.996,LAU,1984
Brazil,Alain Prost,McLaren TAG,1:36.702,PRO,1985
Portugal,Ayrton Senna,Lotus Renault,1:44.121,SEN,1985
San Marino,Michele Alboreto,Ferrari,1:30.961,ALB,1985
Monaco,Michele Alboreto,Ferrari,1:22.637,ALB,1985
Canada,Ayrton Senna,Lotus Renault,1:27.445,SEN,1985
Detroit,Ayrton Senna,Lotus Renault,1:45.612,SEN,1985
France,Keke Rosberg,Williams Honda,1:39.914,ROS,1985
Great Britain,Alain Prost,McLaren TAG,1:09.886,PRO,1985
Germany,Niki Lauda,McLaren TAG,1:22.806,LAU,1985
Austria,Alain Prost,McLaren TAG,1:29.241,PRO,1985
Netherlands,Alain Prost,McLaren TAG,1:16.538,PRO,1985
Italy,Nigel Mansell,Williams Honda,1:28.283,MAN,1985
Belgium,Alain Prost,McLaren TAG,2:01.730,PRO,1985
Europe,Jacques Laffite,Ligier Renault,1:11.526,LAF,1985
South Africa,Keke Rosberg,Williams Honda,1:08.149,ROS,1985
Australia,Keke Rosberg,Williams Honda,1:23.758,ROS,1985
Brazil,Nelson Piquet,Williams Honda,1:33.546,PIQ,1986
Spain,Nigel Mansell,Williams Honda,1:27.176,MAN,1986
San Marino,Nelson Piquet,Williams Honda,1:28.667,PIQ,1986
Monaco,Alain Prost,McLaren TAG,1:26.607,PRO,1986
Belgium,Alain Prost,McLaren TAG,1:59.282,PRO,1986
Canada,Nelson Piquet,Williams Honda,1:25.443,PIQ,1986
Detroit,Nelson Piquet,Williams Honda,1:41.233,PIQ,1986
France,Nigel Mansell,Williams Honda,1:09.993,MAN,1986
Great Britain,Nigel Mansell,Williams Honda,1:09.593,MAN,1986
Germany,Gerhard Berger,Benetton BMW,1:46.604,BER,1986
Hungary,Nelson Piquet,Williams Honda,1:31.001,PIQ,1986
Austria,Gerhard Berger,Benetton BMW,1:29.444,BER,1986
Italy,Teo Fabi,Benetton BMW,1:28.099,FAB,1986
Portugal,Nigel Mansell,Williams Honda,1:20.943,MAN,1986
Mexico,Nelson Piquet,Williams Honda,1:19.360,PIQ,1986
Australia,Nelson Piquet,Williams Honda,1:20.787,PIQ,1986
Brazil,Nelson Piquet,Williams Honda,1:33.861,PIQ,1987
San Marino,Teo Fabi,Benetton Ford,1:29.246,FAB,1987
Belgium,Alain Prost,McLaren TAG,1:57.153,PRO,1987
Monaco,Ayrton Senna,Lotus Honda,1:27.685,SEN,1987
Detroit,Ayrton Senna,Lotus Honda,1:40.464,SEN,1987
France,Nelson Piquet,Williams Honda,1:09.548,PIQ,1987
Great Britain,Nigel Mansell,Williams Honda,1:09.832,MAN,1987
Germany,Nigel Mansell,Williams Honda,1:45.716,MAN,1987
Hungary,Nelson Piquet,Williams Honda,1:30.149,PIQ,1987
Austria,Nigel Mansell,Williams Honda,1:28.318,MAN,1987
Italy,Ayrton Senna,Lotus Honda,1:26.796,SEN,1987
Portugal,Gerhard Berger,Ferrari,1:19.282,BER,1987
Spain,Gerhard Berger,Ferrari,1:26.986,BER,1987
Mexico,Nelson Piquet,Williams Honda,1:19.132,PIQ,1987
Japan,Alain Prost,McLaren TAG,1:43.844,PRO,1987
Australia,Gerhard Berger,Ferrari,1:20.416,BER,1987
Brazil,Gerhard Berger,Ferrari,1:32.943,BER,1988
San Marino,Alain Prost,McLaren Honda,1:29.685,PRO,1988
Monaco,Ayrton Senna,McLaren Honda,1:26.321,SEN,1988
Mexico,Alain Prost,McLaren Honda,1:18.608,PRO,1988
Canada,Ayrton Senna,McLaren Honda,1:24.973,SEN,1988
Detroit,Alain Prost,McLaren Honda,1:44.836,PRO,1988
France,Alain Prost,McLaren Honda,1:11.737,PRO,1988
Great Britain,Nigel Mansell,Williams Judd,1:23.308,MAN,1988
Germany,Alessandro Nannini,Benetton Ford,2:03.032,NAN,1988
Hungary,Alain Prost,McLaren Honda,1:30.639,PRO,1988
Belgium,Gerhard Berger,Ferrari,2:00.772,BER,1988
Italy,Michele Alboreto,Ferrari,1:29.070,ALB,1988
Portugal,Gerhard Berger,Ferrari,1:21.961,BER,1988
Spain,Alain Prost,McLaren Honda,1:27.845,PRO,1988
Japan,Ayrton Senna,McLaren Honda,1:46.326,SEN,1988
Australia,Alain Prost,McLaren Honda,1:21.216,PRO,1988
Brazil,Riccardo Patrese,Williams Renault,1:32.507,PAT,1989
San Marino,Alain Prost,McLaren Honda,1:26.795,PRO,1989
Monaco,Alain Prost,McLaren Honda,1:25.501,PRO,1989
Mexico,Nigel Mansell,Ferrari,1:20.420,MAN,1989
United States,Ayrton Senna,McLaren Honda,1:33.969,SEN,1989
Canada,Jonathan Palmer,Tyrrell Ford,1:31.925,PAL,1989
France,Mauricio Gugelmin,March Judd,1:12.090,GUG,1989
Great Britain,Nigel Mansell,Ferrari,1:12.017,MAN,1989
Germany,Ayrton Senna,McLaren Honda,1:45.884,SEN,1989
Hungary,Nigel Mansell,Ferrari,1:22.637,MAN,1989
Belgium,Alain Prost,McLaren Honda,2:11.571,PRO,1989
Italy,Alain Prost,McLaren Honda,1:28.107,PRO,1989
Portugal,Gerhard Berger,Ferrari,1:18.986,BER,1989
Spain,Ayrton Senna,McLaren Honda,1:25.779,SEN,1989
Japan,Alain Prost,McLaren Honda,1:43.506,PRO,1989
Australia,Satoru Nakajima,Lotus Judd,1:38.480,NAK,1989
United States,Gerhard Berger,McLaren Honda,1:31.050,BER,1990
Brazil,Gerhard Berger,McLaren Honda,1:19.899,BER,1990
San Marino,Alessandro Nannini,Benetton Ford,1:27.156,NAN,1990
Monaco,Ayrton Senna,McLaren Honda,1:24.468,SEN,1990
Canada,Gerhard Berger,McLaren Honda,1:22.077,BER,1990
Mexico,Alain Prost,Ferrari,1:17.958,PRO,1990
France,Nigel Mansell,Ferrari,1:08.012,MAN,1990
Great Britain,Nigel Mansell,Ferrari,1:11.291,MAN,1990
Germany,Thierry Boutsen,Williams Renault,1:45.602,BOU,1990
Hungary,Riccardo Patrese,Williams Renault,1:22.058,PAT,1990
Belgium,Alain Prost,Ferrari,1:55.087,PRO,1990
Italy,Ayrton Senna,McLaren Honda,1:26.254,SEN,1990
Portugal,Riccardo Patrese,Williams Renault,1:18.306,PAT,1990
Spain,Riccardo Patrese,Williams Renault,1:24.513,PAT,1990
Japan,Riccardo Patrese,Williams Renault,1:44.233,PAT,1990
Australia,Nigel Mansell,Ferrari,1:18.203,MAN,1990
United States,Jean Alesi,Ferrari,1:26.758,ALE,1991
Brazil,Nigel Mansell,Williams Renault,1:20.436,MAN,1991
San Marino,Gerhard Berger,McLaren Honda,1:26.531,BER,1991
Monaco,Alain Prost,Ferrari,1:24.368,PRO,1991
Canada,Nigel Mansell,Williams Renault,1:22.385,MAN,1991
Mexico,Nigel Mansell,Williams Renault,1:16.788,MAN,1991
France,Nigel Mansell,Williams Renault,1:19.168,MAN,1991
Great Britain,Nigel Mansell,Williams Renault,1:26.379,MAN,1991
Germany,Riccardo Patrese,Williams Renault,1:43.569,PAT,1991
Hungary,Bertrand Gachot,Jordan Ford,1:21.547,GAC,1991
Belgium,Roberto Moreno,Benetton Ford,1:55.161,MOR,1991
Italy,Ayrton Senna,McLaren Honda,1:26.061,SEN,1991
Portugal,Nigel Mansell,Williams Renault,1:18.179,MAN,1991
Spain,Riccardo Patrese,Williams Renault,1:22.837,PAT,1991
Japan,Ayrton Senna,McLaren Honda,1:41.532,SEN,1991
Australia,Gerhard Berger,McLaren Honda,1:41.141,BER,1991
South Africa,Nigel Mansell,Williams Renault,1:17.578,MAN,1992
Mexico,Gerhard Berger,McLaren Honda,1:17.711,BER,1992
Brazil,Riccardo Patrese,Williams Renault,1:19.490,PAT,1992
Spain,Nigel Mansell,Williams Renault,1:42.503,MAN,1992
San Marino,Riccardo Patrese,Williams Renault,1:26.100,PAT,1992
Monaco,Nigel Mansell,Williams Renault,1:21.598,MAN,1992
Canada,Gerhard Berger,McLaren Honda,1:22.325,BER,1992
France,Nigel Mansell,Williams Renault,1:17.070,MAN,1992
Great Britain,Nigel Mansell,Williams Renault,1:22.539,MAN,1992
Germany,Riccardo Patrese,Williams Renault,1:41.591,PAT,1992
Hungary,Nigel Mansell,Williams Renault,1:18.308,MAN,1992
Belgium,Michael Schumacher,Benetton Ford,1:53.791,MSC,1992
Italy,Nigel Mansell,Williams Renault,1:26.119,MAN,1992
Portugal,Ayrton Senna,McLaren Honda,1:16.272,SEN,1992
Japan,Nigel Mansell,Williams Renault,1:40.646,MAN,1992
Australia,Michael Schumacher,Benetton Ford,1:16.078,MSC,1992
South Africa,Alain Prost,Williams Renault,1:19.492,PRO,1993
Brazil,Michael Schumacher,Benetton Ford,1:20.024,MSC,1993
Europe,Ayrton Senna,McLaren Ford,1:18.029,SEN,1993
San Marino,Alain Prost,Williams Renault,1:26.128,PRO,1993
Spain,Michael Schumacher,Benetton Ford,1:20.989,MSC,1993
Monaco,Alain Prost,Williams Renault,1:23.604,PRO,1993
Canada,Michael Schumacher,Benetton Ford,1:21.500,MSC,1993
France,Michael Schumacher,Benetton Ford,1:19.256,MSC,1993
Great Britain,Damon Hill,Williams Renault,1:22.515,HIL,1993
Germany,Michael Schumacher,Benetton Ford,1:41.859,MSC,1993
Hungary,Alain Prost,Williams Renault,1:19.633,PRO,1993
Belgium,Alain Prost,Williams Renault,1:51.095,PRO,1993
Italy,Damon Hill,Williams Renault,1:23.575,HIL,1993
Portugal,Damon Hill,Williams Renault,1:14.859,HIL,1993
Japan,Alain Prost,Williams Renault,1:41.176,PRO,1993
Australia,Damon Hill,Williams Renault,1:15.381,HIL,1993
Brazil,Michael Schumacher,Benetton Ford,1:18.455,MSC,1994
Pacific,Michael Schumacher,Benetton Ford,1:14.023,MSC,1994
San Marino,Damon Hill,Williams Renault,1:24.335,HIL,1994
Monaco,Michael Schumacher,Benetton Ford,1:21.076,MSC,1994
Spain,Michael Schumacher,Benetton Ford,1:25.155,MSC,1994
Canada,Michael Schumacher,Benetton Ford,1:28.927,MSC,1994
France,Damon Hill,Williams Renault,1:19.678,HIL,1994
Great Britain,Damon Hill,Williams Renault,1:27.100,HIL,1994
Germany,David Coulthard,Williams Renault,1:46.211,COU,1994
Hungary,Michael Schumacher,Benetton Ford,1:20.881,MSC,1994
Belgium,Damon Hill,Williams Renault,1:57.117,HIL,1994
Italy,Damon Hill,Williams Renault,1:25.930,HIL,1994
Portugal,David Coulthard,Williams Renault,1:22.446,COU,1994
Europe,Michael Schumacher,Benetton Ford,1:25.040,MSC,1994
Japan,Damon Hill,Williams Renault,1:56.597,HIL,1994
Australia,Michael Schumacher,Benetton Ford,1:17.140,MSC,1994
Brazil,Michael Schumacher,Benetton Renault,1:20.921,MSC,1995
Argentina,Michael Schumacher,Benetton Renault,1:30.522,MSC,1995
San Marino,Gerhard Berger,Ferrari,1:29.568,BER,1995
Spain,Damon Hill,Williams Renault,1:24.531,HIL,1995
Monaco,Jean Alesi,Ferrari,1:24.621,ALE,1995
Canada,Michael Schumacher,Benetton Renault,1:29.174,MSC,1995
France,Michael Schumacher,Benetton Renault,1:20.218,MSC,1995
Great Britain,Damon Hill,Williams Renault,1:29.752,HIL,1995
Germany,Michael Schumacher,Benetton Renault,1:48.824,MSC,1995
Hungary,Damon Hill,Williams Renault,1:20.247,HIL,1995
Belgium,David Coulthard,Williams Renault,1:53.412,COU,1995
Italy,Gerhard Berger,Ferrari,1:26.419,BER,1995
Portugal,David Coulthard,Williams Renault,1:23.220,COU,1995
Europe,Michael Schumacher,Benetton Renault,1:21.180,MSC,1995
Pacific,Michael Schumacher,Benetton Renault,1:16.374,MSC,1995
Japan,Michael Schumacher,Benetton Renault,1:42.976,MSC,1995
Australia,Damon Hill,Williams Renault,1:17.943,HIL,1995
Australia,Jacques Villeneuve,Williams Renault,1:33.421,VIL,1996
Brazil,Damon Hill,Williams Renault,1:21.547,HIL,1996
Argentina,Jean Alesi,Benetton Renault,1:29.413,ALE,1996
Europe,Damon Hill,Williams Renault,1:21.363,HIL,1996
San Marino,Damon Hill,Williams Renault,1:28.931,HIL,1996
Monaco,Jean Alesi,Benetton Renault,1:25.205,ALE,1996
Spain,Michael Schumacher,Ferrari,1:45.517,MSC,1996
Canada,Jacques Villeneuve,Williams Renault,1:21.916,VIL,1996
France,Jacques Villeneuve,Williams Renault,1:18.610,VIL,1996
Great Britain,Jacques Villeneuve,Williams Renault,1:29.288,VIL,1996
Germany,Damon Hill,Williams Renault,1:46.504,HIL,1996
Hungary,Damon Hill,Williams Renault,1:20.093,HIL,1996
Belgium,Gerhard Berger,Benetton Renault,1:53.067,BER,1996
Italy,Michael Schumacher,Ferrari,1:26.110,MSC,1996
Portugal,Jacques Villeneuve,Williams Renault,1:22.873,VIL,1996
Japan,Jacques Villeneuve,Williams Renault,1:44.043,VIL,1996
Australia,Heinz-Harald Frentzen,Williams Renault,1:30.585,FRE,1997
Brazil,Jacques Villeneuve,Williams Renault,1:18.397,VIL,1997
Argentina,Gerhard Berger,Benetton Renault,1:27.981,BER,1997
San Marino,Heinz-Harald Frentzen,Williams Renault,1:25.531,FRE,1997
Monaco,Michael Schumacher,Ferrari,1:53.315,MSC,1997
Spain,Giancarlo Fisichella,Jordan Peugeot,1:22.242,FIS,1997
Canada,David Coulthard,McLaren Mercedes,1:19.635,COU,1997
France,Michael Schumacher,Ferrari,1:17.910,MSC,1997
Great Britain,Michael Schumacher,Ferrari,1:24.475,MSC,1997
Germany,Gerhard Berger,Benetton Renault,1:45.747,BER,1997
Hungary,Heinz-Harald Frentzen,Williams Renault,1:18.372,FRE,1997
Belgium,Jacques Villeneuve,Williams Renault,1:52.692,VIL,1997
Italy,Mika Hakkinen,McLaren Mercedes,1:24.808,HAK,1997
Austria,Jacques Villeneuve,Williams Renault,1:11.814,VIL,1997
Luxembourg,Heinz-Harald Frentzen,Williams Renault,1:18.805,FRE,1997
Japan,Heinz-Harald Frentzen,Williams Renault,1:38.942,FRE,1997
Europe,Heinz-Harald Frentzen,Williams Renault,1:23.135,FRE,1997
Australia,Mika Hakkinen,McLaren Mercedes,1:31.649,HAK,1998
Brazil,Mika Hakkinen,McLaren Mercedes,1:19.337,HAK,1998
Argentina,Alexander Wurz,Benetton Playlife,1:28.179,WUR,1998
San Marino,Michael Schumacher,Ferrari,1:29.345,MSC,1998
Spain,Mika Hakkinen,McLaren Mercedes,1:24.275,HAK,1998
Monaco,Mika Hakkinen,McLaren Mercedes,1:22.948,HAK,1998
Canada,Michael Schumacher,Ferrari,1:19.379,MSC,1998
France,David Coulthard,McLaren Mercedes,1:17.523,COU,1998
Great Britain,Michael Schumacher,Ferrari,1:35.704,MSC,1998
Austria,David Coulthard,McLaren Mercedes,1:12.878,COU,1998
Germany,David Coulthard,McLaren Mercedes,1:46.116,COU,1998
Hungary,Michael Schumacher,Ferrari,1:19.286,MSC,1998
Belgium,Michael Schumacher,Ferrari,2:03.766,MSC,1998
Italy,Mika Hakkinen,McLaren Mercedes,1:25.139,HAK,1998
Luxembourg,Mika Hakkinen,McLaren Mercedes,1:20.450,HAK,1998
Japan,Michael Schumacher,Ferrari,1:40.190,MSC,1998
Australia,Michael Schumacher,Ferrari,1:32.112,MSC,1999
Brazil,Mika Hakkinen,McLaren Mercedes,1:18.448,HAK,1999
San Marino,Michael Schumacher,Ferrari,1:28.547,MSC,1999
Monaco,Mika Hakkinen,McLaren Mercedes,1:22.259,HAK,1999
Spain,Michael Schumacher,Ferrari,1:24.982,MSC,1999
Canada,Eddie Irvine,Ferrari,1:20.382,IRV,1999
France,David Coulthard,McLaren Mercedes,1:19.227,COU,1999
Great Britain,Mika Hakkinen,McLaren Mercedes,1:28.309,HAK,1999
Austria,Mika Hakkinen,McLaren Mercedes,1:12.107,HAK,1999
Germany,David Coulthard,McLaren Mercedes,1:45.270,COU,1999
Hungary,David Coulthard,McLaren Mercedes,1:20.699,COU,1999
Belgium,Mika Hakkinen,McLaren Mercedes,1:53.955,HAK,1999
Italy,Ralf Schumacher,Williams Supertec,1:25.579,RSC,1999
Europe,Mika Hakkinen,McLaren Mercedes,1:21.282,HAK,1999
Malaysia,Heinz-Harald Frentzen,Jordan Mugen Honda,1:40.631,FRE,1999
Japan,Michael Schumacher,Ferrari,1:41.319,MSC,1999
Australia,Rubens Barrichello,Ferrari,1:31.481,BAR,2000
Brazil,Michael Schumacher,Ferrari,1:14.755,MSC,2000
San Marino,Mika Hakkinen,McLaren Mercedes,1:26.523,HAK,2000
Great Britain,Mika Hakkinen,McLaren Mercedes,1:26.217,HAK,2000
Spain,Mika Hakkinen,McLaren Mercedes,1:24.470,HAK,2000
Europe,Michael Schumacher,Ferrari,1:22.269,MSC,2000
Monaco,Mika Hakkinen,McLaren Mercedes,1:21.571,HAK,2000
Canada,Mika Hakkinen,McLaren Mercedes,1:19.049,HAK,2000
France,David Coulthard,McLaren Mercedes,1:19.479,COU,2000
Austria,David Coulthard,McLaren Mercedes,1:11.783,COU,2000
Germany,Rubens Barrichello,Ferrari,1:44.300,BAR,2000
Hungary,Mika Hakkinen,McLaren Mercedes,1:20.028,HAK,2000
Belgium,Rubens Barrichello,Ferrari,1:53.803,BAR,2000
Italy,Mika Hakkinen,McLaren Mercedes,1:25.595,HAK,2000
United States,David Coulthard,McLaren Mercedes,1:14.711,COU,2000
Japan,Mika Hakkinen,McLaren Mercedes,1:39.189,HAK,2000
Malaysia,Mika Hakkinen,McLaren Mercedes,1:38.543,HAK,2000
Australia,Michael Schumacher,Ferrari,1:28.214,MSC,2001
Malaysia,Mika Hakkinen,McLaren Mercedes,1:40.962,HAK,2001
Brazil,Ralf Schumacher,Williams BMW,1:15.693,RSC,2001
San Marino,Ralf Schumacher,Williams BMW,1:25.524,RSC,2001
Spain,Michael Schumacher,Ferrari,1:21.151,MSC,2001
Austria,David Coulthard,McLaren Mercedes,1:10.843,COU,2001
Monaco,David Coulthard,McLaren Mercedes,1:19.424,COU,2001
Canada,Ralf Schumacher,Williams BMW,1:17.205,RSC,2001
Europe,Juan Pablo Montoya,Williams BMW,1:18.354,MOY,2001
France,David Coulthard,McLaren Mercedes,1:16.088,COU,2001
Great Britain,Mika Hakkinen,McLaren Mercedes,1:23.405,HAK,2001
Germany,Juan Pablo Montoya,Williams BMW,1:41.808,MOY,2001
Hungary,Mika Hakkinen,McLaren Mercedes,1:16.723,HAK,2001
Belgium,Michael Schumacher,Ferrari,1:49.758,MSC,2001
Italy,Ralf Schumacher,Williams BMW,1:25.073,RSC,2001
United States,Juan Pablo Montoya,Williams BMW,1:14.448,MOY,2001
Japan,Ralf Schumacher,Williams BMW,1:36.944,RSC,2001
Australia,Kimi Räikkönen,McLaren Mercedes,1:28.541,RAI,2002
Malaysia,Juan Pablo Montoya,Williams BMW,1:38.049,MOY,2002
Brazil,Juan Pablo Montoya,Williams BMW,1:16.079,MOY,2002
San Marino,Rubens Barrichello,Ferrari,1:24.170,BAR,2002
Spain,Michael Schumacher,Ferrari,1:20.355,MSC,2002
Austria,Michael Schumacher,Ferrari,1:09.298,MSC,2002
Monaco,Rubens Barrichello,Ferrari,1:18.023,BAR,2002
Canada,Juan Pablo Montoya,Williams BMW,1:15.960,MOY,2002
Europe,Michael Schumacher,Ferrari,1:32.226,MSC,2002
Great Britain,Rubens Barrichello,Ferrari,1:23.083,BAR,2002
France,David Coulthard,McLaren Mercedes,1:15.045,COU,2002
Germany,Michael Schumacher,Ferrari,1:16.462,MSC,2002
Hungary,Michael Schumacher,Ferrari,1:16.207,MSC,2002
Belgium,Michael Schumacher,Ferrari,1:47.176,MSC,2002
Italy,Rubens Barrichello,Ferrari,1:23.657,BAR,2002
United States,Rubens Barrichello,Ferrari,1:12.738,BAR,2002
Japan,Michael Schumacher,Ferrari,1:36.125,MSC,2002
Australia,Kimi Räikkönen,McLaren Mercedes,1:27.724,RAI,2003
Malaysia,Michael Schumacher,Ferrari,1:36.412,MSC,2003
Brazil,Rubens Barrichello,Ferrari,1:22.032,BAR,2003
San Marino,Michael Schumacher,Ferrari,1:22.491,MSC,2003
Spain,Rubens Barrichello,Ferrari,1:20.143,BAR,2003
Austria,Michael Schumacher,Ferrari,1:08.337,MSC,2003
Monaco,Kimi Räikkönen,McLaren Mercedes,1:14.545,RAI,2003
Canada,Fernando Alonso,Renault,1:16.040,ALO,2003
Europe,Kimi Räikkönen,McLaren Mercedes,1:32.621,RAI,2003
France,Juan Pablo Montoya,Williams BMW,1:15.512,MOY,2003
Great Britain,Rubens Barrichello,Ferrari,1:22.236,BAR,2003
Germany,Juan Pablo Montoya,Williams BMW,1:14.917,MOY,2003
Hungary,Juan Pablo Montoya,Williams BMW,1:22.095,MOY,2003
Italy,Michael Schumacher,Ferrari,1:21.832,MSC,2003
United States,Michael Schumacher,Ferrari,1:11.473,MSC,2003
Japan,Ralf Schumacher,Williams BMW,1:33.408,RSC,2003
Australia,Michael Schumacher,Ferrari,1:24.125,MSC,2004
Malaysia,Juan Pablo Montoya,Williams BMW,1:34.223,MOY,2004
Bahrain,Michael Schumacher,Ferrari,1:30.252,MSC,2004
San Marino,Michael Schumacher,Ferrari,1:20.411,MSC,2004
Spain,Michael Schumacher,Ferrari,1:17.450,MSC,2004
Monaco,Michael Schumacher,Ferrari,1:14.439,MSC,2004
Europe,Michael Schumacher,Ferrari,1:29.468,MSC,2004
Canada,Rubens Barrichello,Ferrari,1:13.622,BAR,2004
United States,Rubens Barrichello,Ferrari,1:10.399,BAR,2004
France,Michael Schumacher,Ferrari,1:15.377,MSC,2004
Great Britain,Michael Schumacher,Ferrari,1:18.739,MSC,2004
Germany,Kimi Räikkönen,McLaren Mercedes,1:13.780,RAI,2004
Hungary,Michael Schumacher,Ferrari,1:19.071,MSC,2004
Belgium,Kimi Räikkönen,McLaren Mercedes,1:45.108,RAI,2004
Italy,Rubens Barrichello,Ferrari,1:21.046,BAR,2004
China,Michael Schumacher,Ferrari,1:32.238,MSC,2004
Japan,Rubens Barrichello,Ferrari,1:32.730,BAR,2004
Brazil,Juan Pablo Montoya,Williams BMW,1:11.473,MOY,2004
Australia,Fernando Alonso,Renault,1:25.683,ALO,2005
Malaysia,Kimi Räikkönen,McLaren Mercedes,1:35.483,RAI,2005
Bahrain,Pedro de la Rosa,McLaren Mercedes,1:31.447,DLR,2005
San Marino,Michael Schumacher,Ferrari,1:21.858,MSC,2005
Spain,Giancarlo Fisichella,Renault,1:15.641,FIS,2005
Monaco,Michael Schumacher,Ferrari,1:15.842,MSC,2005
Europe,Fernando Alonso,Renault,1:30.711,ALO,2005
Canada,Kimi Räikkönen,McLaren Mercedes,1:14.384,RAI,2005
United States,Michael Schumacher,Ferrari,1:11.497,MSC,2005
France,Kimi Räikkönen,McLaren Mercedes,1:16.423,RAI,2005
Great Britain,Kimi Räikkönen,McLaren Mercedes,1:20.502,RAI,2005
Germany,Kimi Räikkönen,McLaren Mercedes,1:14.873,RAI,2005
Hungary,Kimi Räikkönen,McLaren Mercedes,1:21.219,RAI,2005
Turkey,Juan Pablo Montoya,McLaren Mercedes,1:24.770,MOY,2005
Italy,Kimi Räikkönen,McLaren Mercedes,1:21.504,RAI,2005
Belgium,Ralf Schumacher,Toyota,1:51.453,RSC,2005
Brazil,Kimi Räikkönen,McLaren Mercedes,1:12.268,RAI,2005
Japan,Kimi Räikkönen,McLaren Mercedes,1:31.540,RAI,2005
China,Kimi Räikkönen,McLaren Mercedes,1:33.242,RAI,2005
Bahrain,Nico Rosberg,Williams Cosworth,1:32.408,ROS,2006
Malaysia,Fernando Alonso,Renault,1:34.803,ALO,2006
Australia,Kimi Räikkönen,McLaren Mercedes,1:26.045,RAI,2006
San Marino,Fernando Alonso,Renault,1:24.569,ALO,2006
Europe,Michael Schumacher,Ferrari,1:32.099,MSC,2006
Spain,Felipe Massa,Ferrari,1:16.648,MAS,2006
Monaco,Michael Schumacher,Ferrari,1:15.143,MSC,2006
Great Britain,Fernando Alonso,Renault,1:21.599,ALO,2006
Canada,Kimi Räikkönen,McLaren Mercedes,1:15.841,RAI,2006
United States,Michael Schumacher,Ferrari,1:12.719,MSC,2006
France,Michael Schumacher,Ferrari,1:17.111,MSC,2006
Germany,Michael Schumacher,Ferrari,1:16.357,MSC,2006
Hungary,Felipe Massa,Ferrari,1:23.516,MAS,2006
Turkey,Michael Schumacher,Ferrari,1:28.005,MSC,2006
Italy,Kimi Räikkönen,McLaren Mercedes,1:22.559,RAI,2006
China,Fernando Alonso,Renault,1:37.586,ALO,2006
Japan,Fernando Alonso,Renault,1:32.676,ALO,2006
Brazil,Michael Schumacher,Ferrari,1:12.162,MSC,2006
Australia,Kimi Räikkönen,Ferrari,1:25.235,RAI,2007
Malaysia,Lewis Hamilton,McLaren Mercedes,1:36.701,HAM,2007
Bahrain,Felipe Massa,Ferrari,1:34.067,MAS,2007
Spain,Felipe Massa,Ferrari,1:22.680,MAS,2007
Monaco,Fernando Alonso,McLaren Mercedes,1:15.284,ALO,2007
Canada,Fernando Alonso,McLaren Mercedes,1:16.367,ALO,2007
United States,Kimi Räikkönen,Ferrari,1:13.117,RAI,2007
France,Felipe Massa,Ferrari,1:16.099,MAS,2007
Great Britain,Kimi Räikkönen,Ferrari,1:20.638,RAI,2007
Europe,Felipe Massa,Ferrari,1:32.853,MAS,2007
Hungary,Kimi Räikkönen,Ferrari,1:20.047,RAI,2007
Turkey,Kimi Räikkönen,Ferrari,1:27.295,RAI,2007
Italy,Fernando Alonso,McLaren Mercedes,1:22.871,ALO,2007
Belgium,Felipe Massa,Ferrari,1:48.036,MAS,2007
Japan,Lewis Hamilton,McLaren Mercedes,1:28.193,HAM,2007
China,Felipe Massa,Ferrari,1:37.454,MAS,2007
Brazil,Kimi Räikkönen,Ferrari,1:12.445,RAI,2007
Australia,Heikki Kovalainen,McLaren Mercedes,1:27.418,KOV,2008
Malaysia,Nick Heidfeld,Sauber BMW,1:35.366,HEI,2008
Bahrain,Heikki Kovalainen,McLaren Mercedes,1:33.193,KOV,2008
Spain,Kimi Räikkönen,Ferrari,1:21.670,RAI,2008
Turkey,Kimi Räikkönen,Ferrari,1:26.506,RAI,2008
Monaco,Kimi Räikkönen,Ferrari,1:16.689,RAI,2008
Canada,Kimi Räikkönen,Ferrari,1:17.387,RAI,2008
France,Kimi Räikkönen,Ferrari,1:16.630,RAI,2008
Great Britain,Kimi Räikkönen,Ferrari,1:32.150,RAI,2008
Germany,Nick Heidfeld,Sauber BMW,1:15.987,HEI,2008
Hungary,Kimi Räikkönen,Ferrari,1:21.195,RAI,2008
Europe,Felipe Massa,Ferrari,1:38.708,MAS,2008
Belgium,Kimi Räikkönen,Ferrari,1:47.930,RAI,2008
Italy,Kimi Räikkönen,Ferrari,1:28.047,RAI,2008
Singapore,Kimi Räikkönen,Ferrari,1:45.599,RAI,2008
Japan,Felipe Massa,Ferrari,1:18.426,MAS,2008
China,Lewis Hamilton,McLaren Mercedes,1:36.325,HAM,2008
Brazil,Felipe Massa,Ferrari,1:13.736,MAS,2008
Australia,Nico Rosberg,Williams Toyota,1:27.706,ROS,2009
Malaysia,Jenson Button,Brawn Mercedes,1:36.641,BUT,2009
China,Rubens Barrichello,Brawn Mercedes,1:52.592,BAR,2009
Bahrain,Jarno Trulli,Toyota,1:34.556,TRU,2009
Spain,Rubens Barrichello,Brawn Mercedes,1:22.762,BAR,2009
Monaco,Felipe Massa,Ferrari,1:15.154,MAS,2009
Turkey,Jenson Button,Brawn Mercedes,1:27.579,BUT,2009
Great Britain,Sebastian Vettel,RBR Renault,1:20.735,VET,2009
Germany,Fernando Alonso,Renault,1:33.365,ALO,2009
Hungary,Mark Webber,RBR Renault,1:21.931,WEB,2009
Europe,Timo Glock,Toyota,1:38.683,GLO,2009
Belgium,Sebastian Vettel,RBR Renault,1:47.263,VET,2009
Italy,Adrian Sutil,Force India Mercedes,1:24.739,SUT,2009
Singapore,Fernando Alonso,Renault,1:48.240,ALO,2009
Japan,Mark Webber,RBR Renault,1:32.569,WEB,2009
Brazil,Mark Webber,RBR Renault,1:13.733,WEB,2009
Abu Dhabi,Sebastian Vettel,RBR Renault,1:40.279,VET,2009
Bahrain,Fernando Alonso,Ferrari,1:58.287,ALO,2010
Australia,Mark Webber,RBR Renault,1:28.358,WEB,2010
Malaysia,Mark Webber,RBR Renault,1:37.054,WEB,2010
China,Lewis Hamilton,McLaren Mercedes,1:42.061,HAM,2010
Spain,Lewis Hamilton,McLaren Mercedes,1:24.357,HAM,2010
Monaco,Sebastian Vettel,RBR Renault,1:15.192,VET,2010
Turkey,Vitaly Petrov,Renault,1:29.165,PET,2010
Canada,Robert Kubica,Renault,1:16.972,KUB,2010
Europe,Jenson Button,McLaren Mercedes,1:38.766,BUT,2010
Great Britain,Fernando Alonso,Ferrari,1:30.874,ALO,2010
Germany,Sebastian Vettel,RBR Renault,1:15.824,VET,2010
Hungary,Sebastian Vettel,RBR Renault,1:22.362,VET,2010
Belgium,Lewis Hamilton,McLaren Mercedes,1:49.069,HAM,2010
Italy,Fernando Alonso,Ferrari,1:24.139,ALO,2010
Singapore,Fernando Alonso,Ferrari,1:47.976,ALO,2010
Japan,Mark Webber,RBR Renault,1:33.474,WEB,2010
South Korea,Fernando Alonso,Ferrari,1:50.257,ALO,2010
Brazil,Lewis Hamilton,McLaren Mercedes,1:13.851,HAM,2010
Abu Dhabi,Lewis Hamilton,McLaren Mercedes,1:41.274,HAM,2010
Australia,Felipe Massa,Ferrari,1:28.947,MAS,2011
Malaysia,Mark Webber,Red Bull Racing Renault,1:40.571,WEB,2011
China,Mark Webber,Red Bull Racing Renault,1:38.993,WEB,2011
Turkey,Mark Webber,Red Bull Racing Renault,1:29.703,WEB,2011
Spain,Lewis Hamilton,McLaren Mercedes,1:26.727,HAM,2011
Monaco,Mark Webber,Red Bull Racing Renault,1:16.234,WEB,2011
Canada,Jenson Button,McLaren Mercedes,1:16.956,BUT,2011
Europe,Sebastian Vettel,Red Bull Racing Renault,1:41.852,VET,2011
Great Britain,Fernando Alonso,Ferrari,1:34.908,ALO,2011
Germany,Lewis Hamilton,McLaren Mercedes,1:34.302,HAM,2011
Hungary,Felipe Massa,Ferrari,1:23.415,MAS,2011
Belgium,Mark Webber,Red Bull Racing Renault,1:49.883,WEB,2011
Italy,Lewis Hamilton,McLaren Mercedes,1:26.187,HAM,2011
Singapore,Jenson Button,McLaren Mercedes,1:48.454,BUT,2011
Japan,Jenson Button,McLaren Mercedes,1:36.568,BUT,2011
South Korea,Sebastian Vettel,Red Bull Racing Renault,1:39.605,VET,2011
India,Sebastian Vettel,Red Bull Racing Renault,1:27.249,VET,2011
Abu Dhabi,Mark Webber,Red Bull Racing Renault,1:42.612,WEB,2011
Brazil,Mark Webber,Red Bull Racing Renault,1:15.324,WEB,2011
Australia,Jenson Button,McLaren Mercedes,1:29.187,BUT,2012
Malaysia,Kimi Räikkönen,Lotus Renault,1:40.722,RAI,2012
China,Kamui Kobayashi,Sauber Ferrari,1:39.960,KOB,2012
Bahrain,Sebastian Vettel,Red Bull Racing Renault,1:36.379,VET,2012
Spain,Romain Grosjean,Lotus Renault,1:26.250,GRO,2012
Monaco,Sergio Perez,Sauber Ferrari,1:17.296,PER,2012
Canada,Sebastian Vettel,Red Bull Racing Renault,1:15.752,VET,2012
Europe,Nico Rosberg,Mercedes,1:42.163,ROS,2012
Great Britain,Kimi Räikkönen,Lotus Renault,1:34.661,RAI,2012
Germany,Michael Schumacher,Mercedes,1:18.725,MSC,2012
Hungary,Sebastian Vettel,Red Bull Racing Renault,1:24.136,VET,2012
Belgium,Bruno Senna,Williams Renault,1:52.822,SEN,2012
Italy,Nico Rosberg,Mercedes,1:27.239,ROS,2012
Singapore,Nico Hulkenberg,Force India Mercedes,1:51.033,HUL,2012
Japan,Sebastian Vettel,Red Bull Racing Renault,1:35.774,VET,2012
South Korea,Mark Webber,Red Bull Racing Renault,1:42.037,WEB,2012
India,Jenson Button,McLaren Mercedes,1:28.203,BUT,2012
Abu Dhabi,Sebastian Vettel,Red Bull Racing Renault,1:43.964,VET,2012
United States,Sebastian Vettel,Red Bull Racing Renault,1:39.347,VET,2012
Brazil,Lewis Hamilton,McLaren Mercedes,1:18.069,HAM,2012
Australia,Kimi Räikkönen,Lotus Renault,1:29.274,RAI,2013
Malaysia,Sergio Perez,McLaren Mercedes,1:39.199,PER,2013
China,Sebastian Vettel,Red Bull Racing Renault,1:36.808,VET,2013
Bahrain,Sebastian Vettel,Red Bull Racing Renault,1:36.961,VET,2013
Spain,Esteban Gutierrez,Sauber Ferrari,1:26.217,GUT,2013
Monaco,Sebastian Vettel,Red Bull Racing Renault,1:16.577,VET,2013
Canada,Mark Webber,Red Bull Racing Renault,1:16.182,WEB,2013
Great Britain,Mark Webber,Red Bull Racing Renault,1:33.401,WEB,2013
Germany,Fernando Alonso,Ferrari,1:33.468,ALO,2013
Hungary,Mark Webber,Red Bull Racing Renault,1:24.069,WEB,2013
Belgium,Sebastian Vettel,Red Bull Racing Renault,1:50.756,VET,2013
Italy,Lewis Hamilton,Mercedes,1:25.849,HAM,2013
Singapore,Sebastian Vettel,Red Bull Racing Renault,1:48.574,VET,2013
South Korea,Sebastian Vettel,Red Bull Racing Renault,1:41.380,VET,2013
Japan,Mark Webber,Red Bull Racing Renault,1:34.587,WEB,2013
India,Kimi Räikkönen,Lotus Renault,1:27.679,RAI,2013
Abu Dhabi,Fernando Alonso,Ferrari,1:43.434,ALO,2013
United States,Sebastian Vettel,Red Bull Racing Renault,1:39.856,VET,2013
Brazil,Mark Webber,Red Bull Racing Renault,1:15.436,WEB,2013
Australia,Nico Rosberg,Mercedes,1:32.478,ROS,2014
Malaysia,Lewis Hamilton,Mercedes,1:43.066,HAM,2014
Bahrain,Nico Rosberg,Mercedes,1:37.020,ROS,2014
China,Nico Rosberg,Mercedes,1:40.402,ROS,2014
Spain,Sebastian Vettel,Red Bull Racing Renault,1:28.918,VET,2014
Monaco,Kimi Räikkönen,Ferrari,1:18.479,RAI,2014
Canada,Felipe Massa,Williams Mercedes,1:18.504,MAS,2014
Austria,Sergio Perez,Force India Mercedes,1:12.142,PER,2014
Great Britain,Lewis Hamilton,Mercedes,1:37.176,HAM,2014
Germany,Lewis Hamilton,Mercedes,1:19.908,HAM,2014
Hungary,Nico Rosberg,Mercedes,1:25.724,ROS,2014
Belgium,Nico Rosberg,Mercedes,1:50.511,ROS,2014
Italy,Lewis Hamilton,Mercedes,1:28.004,HAM,2014
Singapore,Lewis Hamilton,Mercedes,1:50.417,HAM,2014
Japan,Lewis Hamilton,Mercedes,1:51.600,HAM,2014
Russia,Valtteri Bottas,Williams Mercedes,1:40.896,BOT,2014
United States,Sebastian Vettel,Red Bull Racing Renault,1:41.379,VET,2014
Brazil,Lewis Hamilton,Mercedes,1:13.555,HAM,2014
Abu Dhabi,Daniel Ricciardo,Red Bull Racing Renault,1:44.496,RIC,2014
Australia,Lewis Hamilton,Mercedes,1:30.945,HAM,2015
Malaysia,Nico Rosberg,Mercedes,1:42.062,ROS,2015
China,Lewis Hamilton,Mercedes,1:42.208,HAM,2015
Bahrain,Kimi Räikkönen,Ferrari,1:36.311,RAI,2015
Spain,Lewis Hamilton,Mercedes,1:28.270,HAM,2015
Monaco,Daniel Ricciardo,Red Bull Racing Renault,1:18.063,RIC,2015
Canada,Kimi Räikkönen,Ferrari,1:16.987,RAI,2015
Austria,Nico Rosberg,Mercedes,1:11.235,ROS,2015
Great Britain,Lewis Hamilton,Mercedes,1:37.093,HAM,2015
Hungary,Daniel Ricciardo,Red Bull Racing Renault,1:24.821,RIC,2015
Belgium,Nico Rosberg,Mercedes,1:52.416,ROS,2015
Italy,Lewis Hamilton,Mercedes,1:26.672,HAM,2015
Singapore,Daniel Ricciardo,Red Bull Racing Renault,1:50.041,RIC,2015
Japan,Lewis Hamilton,Mercedes,1:36.145,HAM,2015
Russia,Sebastian Vettel,Ferrari,1:40.071,VET,2015
United States,Nico Rosberg,Mercedes,1:40.666,ROS,2015
Mexico,Nico Rosberg,Mercedes,1:20.521,ROS,2015
Brazil,Lewis Hamilton,Mercedes,1:14.832,HAM,2015
Abu Dhabi,Lewis Hamilton,Mercedes,1:44.517,HAM,2015
Australia,Daniel Ricciardo,Red Bull Racing TAG Heuer,1:28.997,RIC,2016
Bahrain,Nico Rosberg,Mercedes,1:34.482,ROS,2016
China,Nico Hulkenberg,Force India Mercedes,1:39.824,HUL,2016
Russia,Nico Rosberg,Mercedes,1:39.094,ROS,2016
Spain,Daniil Kvyat,Toro Rosso Ferrari,1:26.948,KVY,2016
Monaco,Lewis Hamilton,Mercedes,1:17.939,HAM,2016
Canada,Nico Rosberg,Mercedes,1:15.599,ROS,2016
Europe,Nico Rosberg,Mercedes,1:46.485,ROS,2016
Austria,Lewis Hamilton,Mercedes,1:08.411,HAM,2016
Great Britain,Nico Rosberg,Mercedes,1:35.548,ROS,2016
Hungary,Kimi Räikkönen,Ferrari,1:23.086,RAI,2016
Germany,Daniel Ricciardo,Red Bull Racing TAG Heuer,1:18.442,RIC,2016
Belgium,Lewis Hamilton,Mercedes,1:51.583,HAM,2016
Italy,Fernando Alonso,McLaren Honda,1:25.340,ALO,2016
Singapore,Daniel Ricciardo,Red Bull Racing TAG Heuer,1:47.187,RIC,2016
Malaysia,Nico Rosberg,Mercedes,1:36.424,ROS,2016
Japan,Sebastian Vettel,Ferrari,1:35.118,VET,2016
United States,Sebastian Vettel,Ferrari,1:39.877,VET,2016
Mexico,Daniel Ricciardo,Red Bull Racing TAG Heuer,1:21.134,RIC,2016
Brazil,Max Verstappen,Red Bull Racing TAG Heuer,1:25.305,VER,2016
Abu Dhabi,Sebastian Vettel,Ferrari,1:43.729,VET,2016
Australia,Kimi Räikkönen,Ferrari,1:26.538,RAI,2017
China,Lewis Hamilton,Mercedes,1:35.378,HAM,2017
Bahrain,Lewis Hamilton,Mercedes,1:32.798,HAM,2017
Russia,Kimi Räikkönen,Ferrari,1:36.844,RAI,2017
Spain,Lewis Hamilton,Mercedes,1:23.593,HAM,2017
Monaco,Sergio Perez,Force India Mercedes,1:14.820,PER,2017
Canada,Lewis Hamilton,Mercedes,1:14.551,HAM,2017
Azerbaijan,Sebastian Vettel,Ferrari,1:43.441,VET,2017
Austria,Lewis Hamilton,Mercedes,1:07.411,HAM,2017
Great Britain,Lewis Hamilton,Mercedes,1:30.621,HAM,2017
Hungary,Fernando Alonso,McLaren Honda,1:20.182,ALO,2017
Belgium,Sebastian Vettel,Ferrari,1:46.577,VET,2017
Italy,Daniel Ricciardo,Red Bull Racing TAG Heuer,1:23.361,RIC,2017
Singapore,Lewis Hamilton,Mercedes,1:45.008,HAM,2017
Malaysia,Sebastian Vettel,Ferrari,1:34.080,VET,2017
Japan,Valtteri Bottas,Mercedes,1:33.144,BOT,2017
United States,Sebastian Vettel,Ferrari,1:37.766,VET,2017
Mexico,Sebastian Vettel,Ferrari,1:18.785,VET,2017
Brazil,Max Verstappen,Red Bull Racing TAG Heuer,1:11.044,VER,2017
Abu Dhabi,Valtteri Bottas,Mercedes,1:40.650,BOT,2017
Australia,Daniel Ricciardo,Red Bull Racing TAG Heuer,1:25.945,RIC,2018
Bahrain,Valtteri Bottas,Mercedes,1:33.740,BOT,2018
China,Daniel Ricciardo,Red Bull Racing TAG Heuer,1:35.785,RIC,2018
Azerbaijan,Valtteri Bottas,Mercedes,1:45.149,BOT,2018
Spain,Daniel Ricciardo,Red Bull Racing TAG Heuer,1:18.441,RIC,2018
Monaco,Max Verstappen,Red Bull Racing TAG Heuer,1:14.260,VER,2018
Canada,Max Verstappen,Red Bull Racing TAG Heuer,1:13.864,VER,2018
France,Valtteri Bottas,Mercedes,1:34.225,BOT,2018
Austria,Kimi Räikkönen,Ferrari,1:06.957,RAI,2018
Great Britain,Sebastian Vettel,Ferrari,1:30.696,VET,2018
Germany,Lewis Hamilton,Mercedes,1:15.545,HAM,2018
Hungary,Daniel Ricciardo,Red Bull Racing TAG Heuer,1:20.012,RIC,2018
Belgium,Valtteri Bottas,Mercedes,1:46.286,BOT,2018
Italy,Lewis Hamilton,Mercedes,1:22.497,HAM,2018
Singapore,Kevin Magnussen,Haas Ferrari,1:41.905,MAG,2018
Russia,Valtteri Bottas,Mercedes,1:35.861,BOT,2018
Japan,Sebastian Vettel,Ferrari,1:32.318,VET,2018
United States,Lewis Hamilton,Mercedes,1:37.392,HAM,2018
Mexico,Valtteri Bottas,Mercedes,1:18.741,BOT,2018
Brazil,Valtteri Bottas,Mercedes,1:10.540,BOT,2018
Abu Dhabi,Sebastian Vettel,Ferrari,1:40.867,VET,2018
Australia,Valtteri Bottas,Mercedes,1:25.580,BOT,2019
Bahrain,Charles Leclerc,Ferrari,1:33.411,LEC,2019
China,Pierre Gasly,Red Bull Racing Honda,1:34.742,GAS,2019
Azerbaijan,Charles Leclerc,Ferrari,1:43.009,LEC,2019
Spain,Lewis Hamilton,Mercedes,1:18.492,HAM,2019
Monaco,Pierre Gasly,Red Bull Racing Honda,1:14.279,GAS,2019
Canada,Valtteri Bottas,Mercedes,1:13.078,BOT,2019
France,Sebastian Vettel,Ferrari,1:32.740,VET,2019
Austria,Max Verstappen,Red Bull Racing Honda,1:07.475,VER,2019
Great Britain,Lewis Hamilton,Mercedes,1:27.369,HAM,2019
Germany,Max Verstappen,Red Bull Racing Honda,1:16.645,VER,2019
Hungary,Max Verstappen,Red Bull Racing Honda,1:17.103,VER,2019
Belgium,Sebastian Vettel,Ferrari,1:46.409,VET,2019
Italy,Lewis Hamilton,Mercedes,1:21.779,HAM,2019
Singapore,Kevin Magnussen,Haas Ferrari,1:42.301,MAG,2019
Russia,Lewis Hamilton,Mercedes,1:35.761,HAM,2019
Japan,Lewis Hamilton,Mercedes,1:30.983,HAM,2019
Mexico,Charles Leclerc,Ferrari,1:19.232,LEC,2019
United States,Charles Leclerc,Ferrari,1:36.169,LEC,2019
Brazil,Valtteri Bottas,Mercedes,1:10.698,BOT,2019
Abu Dhabi,Lewis Hamilton,Mercedes,1:39.283,HAM,2019
Austria,Lando Norris,McLaren Renault,1:07.475,NOR,2020
Styria,Carlos Sainz,McLaren Renault,1:05.619,SAI,2020
Hungary,Lewis Hamilton,Mercedes,1:16.627,HAM,2020
Great Britain,Max Verstappen,Red Bull Racing Honda,1:27.097,VER,2020
70th Anniversary,Lewis Hamilton,Mercedes,1:28.451,HAM,2020
Spain,Valtteri Bottas,Mercedes,1:18.183,BOT,2020
Belgium,Daniel Ricciardo,Renault,1:47.483,RIC,2020
Italy,Lewis Hamilton,Mercedes,1:22.746,HAM,2020
Tuscany,Lewis Hamilton,Mercedes,1:18.833,HAM,2020
Russia,Valtteri Bottas,Mercedes,1:37.030,BOT,2020
Eifel,Max Verstappen,Red Bull Racing Honda,1:28.139,VER,2020
Portugal,Lewis Hamilton,Mercedes,1:18.750,HAM,2020
Emilia Romagna,Lewis Hamilton,Mercedes,1:15.484,HAM,2020
Turkey,Lando Norris,McLaren Renault,1:36.806,NOR,2020
Bahrain,Max Verstappen,Red Bull Racing Honda,1:32.014,VER,2020
Sakhir,George Russell,Mercedes,55.404,RUS,2020
Abu Dhabi,Daniel Ricciardo,Renault,1:40.926,RIC,2020
Bahrain,Valtteri Bottas,Mercedes,1:32.090,BOT,2021
Emilia Romagna,Lewis Hamilton,Mercedes,1:16.702,HAM,2021
Portugal,Valtteri Bottas,Mercedes,1:19.865,BOT,2021
Spain,Max Verstappen,Red Bull Racing Honda,1:18.149,VER,2021
Monaco,Lewis Hamilton,Mercedes,1:12.909,HAM,2021
Azerbaijan,Max Verstappen,Red Bull Racing Honda,1:44.481,VER,2021
France,Max Verstappen,Red Bull Racing Honda,1:36.404,VER,2021
Styria,Lewis Hamilton,Mercedes,1:07.058,HAM,2021
Austria,Max Verstappen,Red Bull Racing Honda,1:06.200,VER,2021
Great Britain,Sergio Perez,Red Bull Racing Honda,1:28.617,PER,2021
Hungary,Pierre Gasly,AlphaTauri Honda,1:18.394,GAS,2021
Netherlands,Lewis Hamilton,Mercedes,1:11.097,HAM,2021
Italy,Daniel Ricciardo,McLaren Mercedes,1:24.812,RIC,2021
Russia,Lando Norris,McLaren Mercedes,1:37.423,NOR,2021
Turkey,Valtteri Bottas,Mercedes,1:30.432,BOT,2021
United States,Lewis Hamilton,Mercedes,1:38.485,HAM,2021
Mexico,Valtteri Bottas,Mercedes,1:17.774,BOT,2021
Brazil,Sergio Perez,Red Bull Racing Honda,1:11.010,PER,2021
Qatar,Max Verstappen,Red Bull Racing Honda,1:23.196,VER,2021
Saudi Arabia,Lewis Hamilton,Mercedes,1:30.734,HAM,2021
Abu Dhabi,Max Verstappen,Red Bull Racing Honda,1:26.103,VER,2021
Bahrain,Charles Leclerc,Ferrari,1:34.570,LEC,2022
Saudi Arabia,Charles Leclerc,Ferrari,1:31.634,LEC,2022
Australia,Charles Leclerc,Ferrari,1:20.260,LEC,2022
Emilia Romagna,Max Verstappen,Red Bull Racing RBPT,1:18.446,VER,2022
Miami,Max Verstappen,Red Bull Racing RBPT,1:31.361,VER,2022
Spain,Sergio Perez,Red Bull Racing RBPT,1:24.108,PER,2022
Monaco,Lando Norris,McLaren Mercedes,1:14.693,NOR,2022
Azerbaijan,Sergio Perez,Red Bull Racing RBPT,1:46.046,PER,2022
Canada,Carlos Sainz,Ferrari,1:15.749,SAI,2022
Great Britain,Lewis Hamilton,Mercedes,1:30.510,HAM,2022
Austria,Max Verstappen,Red Bull Racing RBPT,1:07.275,VER,2022
France,Carlos Sainz,Ferrari,1:35.781,SAI,2022
Hungary,Lewis Hamilton,Mercedes,1:21.386,HAM,2022
Belgium,Max Verstappen,Red Bull Racing RBPT,1:49.354,VER,2022
Netherlands,Max Verstappen,Red Bull Racing RBPT,1:13.652,VER,2022
Italy,Sergio Perez,Red Bull Racing RBPT,1:24.030,PER,2022
Singapore,George Russell,Mercedes,1:46.458,RUS,2022
Japan,Zhou Guanyu,Alfa Romeo Ferrari,1:44.411,ZHO,2022
United States,George Russell,Mercedes,1:38.788,RUS,2022
Mexico,George Russell,Mercedes,1:20.153,RUS,2022
Brazil,George Russell,Mercedes,1:13.785,RUS,2022
Abu Dhabi,Lando Norris,McLaren Mercedes,1:28.391,NOR,2022
