Grand Prix,Date,Winner,Car,Laps,Time,WinnerCode,Year
Great Britain,13 May 1950,Nino Farina,Alfa Romeo,70.0,2:13:23.600,FAR,1950
Monaco,21 May 1950,Juan Manuel Fangio,Alfa Romeo,100.0,3:13:18.700,FAN,1950
Indianapolis 500,30 May 1950,Johnnie Parsons,Kurtis Kraft Offenhauser,138.0,2:46:55.970,PAR,1950
Switzerland,04 Jun 1950,Nino Farina,Alfa Romeo,42.0,2:02:53.700,FAR,1950
Belgium,18 Jun 1950,Juan Manuel Fangio,Alfa Romeo,35.0,2:47:26.000,FAN,1950
France,02 Jul 1950,Juan Manuel Fangio,Alfa Romeo,64.0,2:57:52.800,FAN,1950
Italy,03 Sep 1950,Nino Farina,Alfa Romeo,80.0,2:51:17.400,FAR,1950
Switzerland,27 May 1951,Juan Manuel Fangio,Alfa Romeo,42.0,2:07:53.640,FAN,1951
Indianapolis 500,30 May 1951,Lee Wallard,Kurtis Kraft Offenhauser,200.0,3:57:38.050,WAL,1951
Belgium,17 Jun 1951,Nino Farina,Alfa Romeo,36.0,2:45:46.200,FAR,1951
France,01 Jul 1951,Juan Manuel Fangio,Alfa Romeo,77.0,3:22:11.000,FAN,1951
France,01 Jul 1951,Luigi Fagioli,Alfa Romeo,,,FAG,1951
Great Britain,14 Jul 1951,Jose Froilan Gonzalez,Ferrari,90.0,2:42:18.200,GON,1951
Germany,29 Jul 1951,Alberto Ascari,Ferrari,20.0,3:23:03.300,ASC,1951
Italy,16 Sep 1951,Alberto Ascari,Ferrari,80.0,2:42:39.300,ASC,1951
Spain,28 Oct 1951,Juan Manuel Fangio,Alfa Romeo,70.0,2:46:54.100,FAN,1951
Switzerland,18 May 1952,Piero Taruffi,Ferrari,62.0,3:01:46.100,TAR,1952
Indianapolis 500,30 May 1952,Troy Ruttman,Kuzma Offenhauser,200.0,3:52:41.880,RUT,1952
Belgium,22 Jun 1952,Alberto Ascari,Ferrari,36.0,3:03:46.300,ASC,1952
France,06 Jul 1952,Alberto Ascari,Ferrari,77.0,3:00:00.000,ASC,1952
Great Britain,19 Jul 1952,Alberto Ascari,Ferrari,85.0,2:44:11.000,ASC,1952
Germany,03 Aug 1952,Alberto Ascari,Ferrari,18.0,3:06:13.300,ASC,1952
Netherlands,17 Aug 1952,Alberto Ascari,Ferrari,90.0,2:53:28.500,ASC,1952
Italy,07 Sep 1952,Alberto Ascari,Ferrari,80.0,2:50:45.600,ASC,1952
Argentina,18 Jan 1953,Alberto Ascari,Ferrari,97.0,3:01:04.600,ASC,1953
Indianapolis 500,30 May 1953,Bill Vukovich,Kurtis Kraft Offenhauser,200.0,3:53:01.690,VUK,1953
Netherlands,07 Jun 1953,Alberto Ascari,Ferrari,90.0,2:53:35.800,ASC,1953
Belgium,21 Jun 1953,Alberto Ascari,Ferrari,36.0,2:48:30.300,ASC,1953
France,05 Jul 1953,Mike Hawthorn,Ferrari,60.0,2:44:18.600,HAW,1953
Great Britain,18 Jul 1953,Alberto Ascari,Ferrari,90.0,2:50:00.000,ASC,1953
Germany,02 Aug 1953,Nino Farina,Ferrari,18.0,3:02:25.000,FAR,1953
Switzerland,23 Aug 1953,Alberto Ascari,Ferrari,65.0,3:01:34.400,ASC,1953
Italy,13 Sep 1953,Juan Manuel Fangio,Maserati,80.0,2:49:45.900,FAN,1953
Argentina,17 Jan 1954,Juan Manuel Fangio,Maserati,87.0,3:00:55.800,FAN,1954
Indianapolis 500,31 May 1954,Bill Vukovich,Kurtis Kraft Offenhauser,200.0,3:49:17.270,VUK,1954
Belgium,20 Jun 1954,Juan Manuel Fangio,Maserati,36.0,2:44:42.400,FAN,1954
France,04 Jul 1954,Juan Manuel Fangio,Mercedes-Benz,61.0,2:42:47.900,FAN,1954
Great Britain,17 Jul 1954,Jose Froilan Gonzalez,Ferrari,90.0,2:56:14.000,GON,1954
Germany,01 Aug 1954,Juan Manuel Fangio,Mercedes-Benz,22.0,3:45:45.800,FAN,1954
Switzerland,22 Aug 1954,Juan Manuel Fangio,Mercedes-Benz,66.0,3:00:34.500,FAN,1954
Italy,05 Sep 1954,Juan Manuel Fangio,Mercedes-Benz,80.0,2:47:47.900,FAN,1954
Spain,24 Oct 1954,Mike Hawthorn,Ferrari,80.0,3:13:52.100,HAW,1954
Argentina,16 Jan 1955,Juan Manuel Fangio,Mercedes-Benz,96.0,3:00:38.600,FAN,1955
Monaco,22 May 1955,Maurice Trintignant,Ferrari,100.0,2:58:09.700,TRI,1955
Indianapolis 500,30 May 1955,Bob Sweikert,Kurtis Kraft Offenhauser,200.0,3:53:59.530,SWE,1955
Belgium,05 Jun 1955,Juan Manuel Fangio,Mercedes-Benz,36.0,2:39:29.000,FAN,1955
Netherlands,19 Jun 1955,Juan Manuel Fangio,Mercedes-Benz,100.0,2:54:23.800,FAN,1955
Great Britain,16 Jul 1955,Stirling Moss,Mercedes-Benz,90.0,3:07:21.200,MOS,1955
Italy,11 Sep 1955,Juan Manuel Fangio,Mercedes-Benz,50.0,2:25:04.400,FAN,1955
Argentina,22 Jan 1956,Luigi Musso,Ferrari,,,MUS,1956
Argentina,22 Jan 1956,Juan Manuel Fangio,Ferrari,98.0,3:00:03.700,FAN,1956
Monaco,13 May 1956,Stirling Moss,Maserati,100.0,3:00:32.900,MOS,1956
Indianapolis 500,30 May 1956,Pat Flaherty,Watson Offenhauser,200.0,3:53:28.840,FLA,1956
Belgium,03 Jun 1956,Peter Collins,Ferrari,36.0,2:40:00.300,COL,1956
France,01 Jul 1956,Peter Collins,Ferrari,61.0,2:34:23.400,COL,1956
Great Britain,14 Jul 1956,Juan Manuel Fangio,Ferrari,101.0,2:59:47.000,FAN,1956
Germany,05 Aug 1956,Juan Manuel Fangio,Ferrari,22.0,3:38:43.700,FAN,1956
Italy,02 Sep 1956,Stirling Moss,Maserati,50.0,2:23:41.300,MOS,1956
Argentina,13 Jan 1957,Juan Manuel Fangio,Maserati,100.0,3:00:55.900,FAN,1957
Monaco,19 May 1957,Juan Manuel Fangio,Maserati,105.0,3:10:12.800,FAN,1957
Indianapolis 500,30 May 1957,Sam Hanks,Epperly Offenhauser,200.0,3:41:14.250,HAN,1957
France,07 Jul 1957,Juan Manuel Fangio,Maserati,77.0,3:07:46.400,FAN,1957
Great Britain,20 Jul 1957,Stirling Moss,Vanwall,90.0,3:06:37.800,MOS,1957
Great Britain,20 Jul 1957,Tony Brooks,Vanwall,,,BRO,1957
Germany,04 Aug 1957,Juan Manuel Fangio,Maserati,22.0,3:30:38.300,FAN,1957
Pescara,18 Aug 1957,Stirling Moss,Vanwall,18.0,2:59:22.700,MOS,1957
Italy,08 Sep 1957,Stirling Moss,Vanwall,87.0,2:35:03.900,MOS,1957
Argentina,19 Jan 1958,Stirling Moss,Cooper Climax,80.0,2:19:33.700,MOS,1958
Monaco,18 May 1958,Maurice Trintignant,Cooper Climax,100.0,2:52:27.900,TRI,1958
Netherlands,26 May 1958,Stirling Moss,Vanwall,75.0,2:04:49.200,MOS,1958
Indianapolis 500,30 May 1958,Jimmy Bryan,Epperly Offenhauser,200.0,3:44:13.800,BRY,1958
Belgium,15 Jun 1958,Tony Brooks,Vanwall,24.0,1:37:06.300,BRO,1958
France,06 Jul 1958,Mike Hawthorn,Ferrari,50.0,2:03:21.300,HAW,1958
Great Britain,19 Jul 1958,Peter Collins,Ferrari,75.0,2:09:04.200,COL,1958
Germany,03 Aug 1958,Tony Brooks,Vanwall,15.0,2:21:15.000,BRO,1958
Portugal,24 Aug 1958,Stirling Moss,Vanwall,50.0,2:11:27.800,MOS,1958
Italy,07 Sep 1958,Tony Brooks,Vanwall,70.0,2:03:47.800,BRO,1958
Morocco,19 Oct 1958,Stirling Moss,Vanwall,53.0,2:09:15.100,MOS,1958
Monaco,10 May 1959,Jack Brabham,Cooper Climax,100.0,2:55:51.300,BRA,1959
Indianapolis 500,30 May 1959,Rodger Ward,Watson Offenhauser,200.0,3:40:49.200,WAR,1959
Netherlands,31 May 1959,Jo Bonnier,BRM,75.0,2:05:26.800,BON,1959
France,05 Jul 1959,Tony Brooks,Ferrari,50.0,2:01:26.500,BRO,1959
Great Britain,18 Jul 1959,Jack Brabham,Cooper Climax,75.0,2:30:11.600,BRA,1959
Germany,02 Aug 1959,Tony Brooks,Ferrari,60.0,2:09:31.600,BRO,1959
Portugal,23 Aug 1959,Stirling Moss,Cooper Climax,62.0,2:11:55.410,MOS,1959
Italy,13 Sep 1959,Stirling Moss,Cooper Climax,72.0,2:04:05.400,MOS,1959
United States,12 Dec 1959,Bruce McLaren,Cooper Climax,42.0,2:12:35.700,MCL,1959
Argentina,07 Feb 1960,Bruce McLaren,Cooper Climax,80.0,2:17:49.500,MCL,1960
Monaco,29 May 1960,Stirling Moss,Lotus Climax,100.0,2:53:45.500,MOS,1960
Indianapolis 500,30 May 1960,Jim Rathmann,Watson Offenhauser,200.0,3:36:11.360,RAT,1960
Netherlands,06 Jun 1960,Jack Brabham,Cooper Climax,75.0,2:01:47.200,BRA,1960
Belgium,19 Jun 1960,Jack Brabham,Cooper Climax,36.0,2:21:37.300,BRA,1960
France,03 Jul 1960,Jack Brabham,Cooper Climax,50.0,1:57:24.900,BRA,1960
Great Britain,16 Jul 1960,Jack Brabham,Cooper Climax,77.0,2:04:24.600,BRA,1960
Portugal,14 Aug 1960,Jack Brabham,Cooper Climax,55.0,2:19:00.030,BRA,1960
Italy,04 Sep 1960,Phil Hill,Ferrari,50.0,2:21:09.200,HIL,1960
United States,20 Nov 1960,Stirling Moss,Lotus Climax,75.0,2:28:52.200,MOS,1960
Monaco,14 May 1961,Stirling Moss,Lotus Climax,100.0,2:45:50.100,MOS,1961
Netherlands,22 May 1961,Wolfgang von Trips,Ferrari,75.0,2:01:52.100,VON,1961
Belgium,18 Jun 1961,Phil Hill,Ferrari,30.0,2:03:03.800,HIL,1961
France,02 Jul 1961,Giancarlo Baghetti,Ferrari,52.0,2:14:17.500,BAG,1961
Great Britain,15 Jul 1961,Wolfgang von Trips,Ferrari,75.0,2:40:53.600,VON,1961
Germany,06 Aug 1961,Stirling Moss,Lotus Climax,15.0,2:18:12.400,MOS,1961
Italy,10 Sep 1961,Phil Hill,Ferrari,43.0,2:03:13.000,HIL,1961
United States,08 Oct 1961,Innes Ireland,Lotus Climax,100.0,2:13:45.800,IRE,1961
Netherlands,20 May 1962,Graham Hill,BRM,80.0,2:11:02.100,HIL,1962
Monaco,03 Jun 1962,Bruce McLaren,Cooper Climax,100.0,2:46:29.700,MCL,1962
Belgium,17 Jun 1962,Jim Clark,Lotus Climax,32.0,2:07:32.300,CLA,1962
France,08 Jul 1962,Dan Gurney,Porsche,54.0,2:07:35.500,GUR,1962
Great Britain,21 Jul 1962,Jim Clark,Lotus Climax,75.0,2:26:20.800,CLA,1962
Germany,05 Aug 1962,Graham Hill,BRM,15.0,2:38:45.300,HIL,1962
Italy,16 Sep 1962,Graham Hill,BRM,86.0,2:29:08.400,HIL,1962
United States,07 Oct 1962,Jim Clark,Lotus Climax,100.0,2:07:13.000,CLA,1962
South Africa,29 Dec 1962,Graham Hill,BRM,82.0,2:08:03.300,HIL,1962
Monaco,26 May 1963,Graham Hill,BRM,100.0,2:41:49.700,HIL,1963
Belgium,09 Jun 1963,Jim Clark,Lotus Climax,32.0,2:27:47.600,CLA,1963
Netherlands,23 Jun 1963,Jim Clark,Lotus Climax,80.0,2:08:13.700,CLA,1963
France,30 Jun 1963,Jim Clark,Lotus Climax,53.0,2:10:54.300,CLA,1963
Great Britain,20 Jul 1963,Jim Clark,Lotus Climax,82.0,2:14:09.600,CLA,1963
Germany,04 Aug 1963,John Surtees,Ferrari,15.0,2:13:06.800,SUR,1963
Italy,08 Sep 1963,Jim Clark,Lotus Climax,86.0,2:24:19.600,CLA,1963
United States,06 Oct 1963,Graham Hill,BRM,110.0,2:19:22.100,HIL,1963
Mexico,27 Oct 1963,Jim Clark,Lotus Climax,65.0,2:09:52.100,CLA,1963
South Africa,28 Dec 1963,Jim Clark,Lotus Climax,85.0,2:10:36.900,CLA,1963
Monaco,10 May 1964,Graham Hill,BRM,100.0,2:41:19.500,HIL,1964
Netherlands,24 May 1964,Jim Clark,Lotus Climax,80.0,2:07:35.400,CLA,1964
Belgium,14 Jun 1964,Jim Clark,Lotus Climax,32.0,2:06:40.500,CLA,1964
France,28 Jun 1964,Dan Gurney,Brabham Climax,57.0,2:07:49.100,GUR,1964
Great Britain,11 Jul 1964,Jim Clark,Lotus Climax,80.0,2:15:07.000,CLA,1964
Germany,02 Aug 1964,John Surtees,Ferrari,15.0,2:12:04.800,SUR,1964
Austria,23 Aug 1964,Lorenzo Bandini,Ferrari,105.0,2:06:18.230,BAN,1964
Italy,06 Sep 1964,John Surtees,Ferrari,78.0,2:10:51.800,SUR,1964
United States,04 Oct 1964,Graham Hill,BRM,110.0,2:16:38.000,HIL,1964
Mexico,25 Oct 1964,Dan Gurney,Brabham Climax,65.0,2:09:50.320,GUR,1964
South Africa,01 Jan 1965,Jim Clark,Lotus Climax,85.0,2:06:46.000,CLA,1965
Monaco,30 May 1965,Graham Hill,BRM,100.0,2:37:39.600,HIL,1965
Belgium,13 Jun 1965,Jim Clark,Lotus Climax,32.0,2:23:34.800,CLA,1965
France,27 Jun 1965,Jim Clark,Lotus Climax,40.0,2:14:38.400,CLA,1965
Great Britain,10 Jul 1965,Jim Clark,Lotus Climax,80.0,2:05:25.400,CLA,1965
Netherlands,18 Jul 1965,Jim Clark,Lotus Climax,80.0,2:03:59.100,CLA,1965
Germany,01 Aug 1965,Jim Clark,Lotus Climax,15.0,2:07:52.400,CLA,1965
Italy,12 Sep 1965,Jackie Stewart,BRM,76.0,2:04:52.800,STE,1965
United States,03 Oct 1965,Graham Hill,BRM,110.0,2:20:36.100,HIL,1965
Mexico,24 Oct 1965,Richie Ginther,Honda,65.0,2:08:32.100,GIN,1965
Monaco,22 May 1966,Jackie Stewart,BRM,100.0,2:33:10.500,STE,1966
Belgium,12 Jun 1966,John Surtees,Ferrari,28.0,2:09:11.300,SUR,1966
France,03 Jul 1966,Jack Brabham,Brabham Repco,48.0,1:48:31.300,BRA,1966
Great Britain,16 Jul 1966,Jack Brabham,Brabham Repco,80.0,2:13:13.400,BRA,1966
Netherlands,24 Jul 1966,Jack Brabham,Brabham Repco,90.0,2:20:32.500,BRA,1966
Germany,07 Aug 1966,Jack Brabham,Brabham Repco,15.0,2:27:03.000,BRA,1966
Italy,04 Sep 1966,Ludovico Scarfiotti,Ferrari,68.0,1:47:14.800,SCA,1966
United States,02 Oct 1966,Jim Clark,Lotus BRM,108.0,2:09:40.100,CLA,1966
Mexico,23 Oct 1966,John Surtees,Cooper Maserati,65.0,2:06:35.340,SUR,1966
South Africa,02 Jan 1967,Pedro Rodriguez,Cooper Maserati,80.0,2:05:45.900,ROD,1967
Monaco,07 May 1967,Denny Hulme,Brabham Repco,100.0,2:34:34.300,HUL,1967
Netherlands,04 Jun 1967,Jim Clark,Lotus Ford,90.0,2:14:45.100,CLA,1967
Belgium,18 Jun 1967,Dan Gurney,Eagle Weslake,28.0,1:40:49.400,GUR,1967
France,02 Jul 1967,Jack Brabham,Brabham Repco,80.0,2:13:21.300,BRA,1967
Great Britain,15 Jul 1967,Jim Clark,Lotus Ford,80.0,1:59:25.600,CLA,1967
Germany,06 Aug 1967,Denny Hulme,Brabham Repco,15.0,2:05:55.700,HUL,1967
Canada,27 Aug 1967,Jack Brabham,Brabham Repco,90.0,2:40:40.000,BRA,1967
Italy,10 Sep 1967,John Surtees,Honda,68.0,1:43:45.000,SUR,1967
United States,01 Oct 1967,Jim Clark,Lotus Ford,108.0,2:03:13.200,CLA,1967
Mexico,22 Oct 1967,Jim Clark,Lotus Ford,65.0,1:59:28.700,CLA,1967
South Africa,01 Jan 1968,Jim Clark,Lotus Ford,80.0,1:53:56.600,CLA,1968
Spain,12 May 1968,Graham Hill,Lotus Ford,90.0,2:15:20.100,HIL,1968
Monaco,26 May 1968,Graham Hill,Lotus Ford,80.0,2:00:32.300,HIL,1968
Belgium,09 Jun 1968,Bruce McLaren,McLaren Ford,28.0,1:40:02.100,MCL,1968
Netherlands,23 Jun 1968,Jackie Stewart,Matra Ford,90.0,2:46:11.260,STE,1968
France,07 Jul 1968,Jacky Ickx,Ferrari,60.0,2:25:40.900,ICK,1968
Great Britain,20 Jul 1968,Jo Siffert,Lotus Ford,80.0,2:01:20.300,SIF,1968
Germany,04 Aug 1968,Jackie Stewart,Matra Ford,14.0,2:19:03.200,STE,1968
Italy,08 Sep 1968,Denny Hulme,McLaren Ford,68.0,1:40:14.800,HUL,1968
Canada,22 Sep 1968,Denny Hulme,McLaren Ford,90.0,2:27:11.200,HUL,1968
United States,06 Oct 1968,Jackie Stewart,Matra Ford,108.0,1:59:20.290,STE,1968
Mexico,03 Nov 1968,Graham Hill,Lotus Ford,65.0,1:56:43.950,HIL,1968
South Africa,01 Mar 1969,Jackie Stewart,Matra Ford,80.0,1:50:39.100,STE,1969
Spain,04 May 1969,Jackie Stewart,Matra Ford,90.0,2:16:53.990,STE,1969
Monaco,18 May 1969,Graham Hill,Lotus Ford,80.0,1:56:59.400,HIL,1969
Netherlands,21 Jun 1969,Jackie Stewart,Matra Ford,90.0,2:06:42.080,STE,1969
France,06 Jul 1969,Jackie Stewart,Matra Ford,38.0,1:56:47.400,STE,1969
Great Britain,19 Jul 1969,Jackie Stewart,Matra Ford,84.0,1:55:55.600,STE,1969
Germany,03 Aug 1969,Jacky Ickx,Brabham Ford,14.0,1:49:55.400,ICK,1969
Italy,07 Sep 1969,Jackie Stewart,Matra Ford,68.0,1:39:11.260,STE,1969
Canada,20 Sep 1969,Jacky Ickx,Brabham Ford,90.0,1:59:25.700,ICK,1969
United States,05 Oct 1969,Jochen Rindt,Lotus Ford,108.0,1:57:56.840,RIN,1969
Mexico,19 Oct 1969,Denny Hulme,McLaren Ford,65.0,1:54:08.800,HUL,1969
South Africa,07 Mar 1970,Jack Brabham,Brabham Ford,80.0,1:49:34.600,BRA,1970
Spain,19 Apr 1970,Jackie Stewart,March Ford,90.0,2:10:58.200,STE,1970
Monaco,10 May 1970,Jochen Rindt,Lotus Ford,80.0,1:54:36.600,RIN,1970
Belgium,07 Jun 1970,Pedro Rodriguez,BRM,28.0,1:38:09.900,ROD,1970
Netherlands,21 Jun 1970,Jochen Rindt,Lotus Ford,80.0,1:50:43.410,RIN,1970
France,05 Jul 1970,Jochen Rindt,Lotus Ford,38.0,1:55:57.000,RIN,1970
Great Britain,18 Jul 1970,Jochen Rindt,Lotus Ford,80.0,1:57:02.000,RIN,1970
Germany,02 Aug 1970,Jochen Rindt,Lotus Ford,50.0,1:42:00.300,RIN,1970
Austria,16 Aug 1970,Jacky Ickx,Ferrari,60.0,1:42:17.320,ICK,1970
Italy,06 Sep 1970,Clay Regazzoni,Ferrari,68.0,1:39:06.880,REG,1970
Canada,20 Sep 1970,Jacky Ickx,Ferrari,90.0,2:21:18.400,ICK,1970
United States,04 Oct 1970,Emerson Fittipaldi,Lotus Ford,108.0,1:57:32.790,FIT,1970
Mexico,25 Oct 1970,Jacky Ickx,Ferrari,65.0,1:53:28.360,ICK,1970
South Africa,06 Mar 1971,Mario Andretti,Ferrari,79.0,1:47:35.500,AND,1971
Spain,18 Apr 1971,Jackie Stewart,Tyrrell Ford,75.0,1:49:03.400,STE,1971
Monaco,23 May 1971,Jackie Stewart,Tyrrell Ford,80.0,1:52:21.300,STE,1971
Netherlands,20 Jun 1971,Jacky Ickx,Ferrari,70.0,1:56:20.090,ICK,1971
France,04 Jul 1971,Jackie Stewart,Tyrrell Ford,55.0,1:46:41.680,STE,1971
Great Britain,17 Jul 1971,Jackie Stewart,Tyrrell Ford,68.0,1:31:31.500,STE,1971
Germany,01 Aug 1971,Jackie Stewart,Tyrrell Ford,12.0,1:29:15.700,STE,1971
Austria,15 Aug 1971,Jo Siffert,BRM,54.0,1:30:23.910,SIF,1971
Italy,05 Sep 1971,Peter Gethin,BRM,55.0,1:18:12.600,GET,1971
Canada,19 Sep 1971,Jackie Stewart,Tyrrell Ford,64.0,1:55:12.900,STE,1971
United States,03 Oct 1971,Francois Cevert,Tyrrell Ford,59.0,1:43:51.991,CEV,1971
Argentina,23 Jan 1972,Jackie Stewart,Tyrrell Ford,95.0,1:57:58.820,STE,1972
South Africa,04 Mar 1972,Denny Hulme,McLaren Ford,79.0,1:45:49.100,HUL,1972
Spain,01 May 1972,Emerson Fittipaldi,Lotus Ford,90.0,2:03:41.230,FIT,1972
Monaco,14 May 1972,Jean-Pierre Beltoise,BRM,80.0,2:26:54.700,BEL,1972
Belgium,04 Jun 1972,Emerson Fittipaldi,Lotus Ford,85.0,1:44:06.700,FIT,1972
France,02 Jul 1972,Jackie Stewart,Tyrrell Ford,38.0,1:52:21.500,STE,1972
Great Britain,15 Jul 1972,Emerson Fittipaldi,Lotus Ford,76.0,1:47:50.200,FIT,1972
Germany,30 Jul 1972,Jacky Ickx,Ferrari,14.0,1:42:12.300,ICK,1972
Austria,13 Aug 1972,Emerson Fittipaldi,Lotus Ford,54.0,1:29:16.660,FIT,1972
Italy,10 Sep 1972,Emerson Fittipaldi,Lotus Ford,55.0,1:29:58.400,FIT,1972
Canada,24 Sep 1972,Jackie Stewart,Tyrrell Ford,80.0,1:43:16.900,STE,1972
United States,08 Oct 1972,Jackie Stewart,Tyrrell Ford,59.0,1:41:45.354,STE,1972
Argentina,28 Jan 1973,Emerson Fittipaldi,Lotus Ford,96.0,1:56:18.220,FIT,1973
Brazil,11 Feb 1973,Emerson Fittipaldi,Lotus Ford,40.0,1:43:55.600,FIT,1973
South Africa,03 Mar 1973,Jackie Stewart,Tyrrell Ford,79.0,1:43:11.070,STE,1973
Spain,29 Apr 1973,Emerson Fittipaldi,Lotus Ford,75.0,1:48:18.700,FIT,1973
Belgium,20 May 1973,Jackie Stewart,Tyrrell Ford,70.0,1:42:13.430,STE,1973
Monaco,03 Jun 1973,Jackie Stewart,Tyrrell Ford,78.0,1:57:44.300,STE,1973
Sweden,17 Jun 1973,Denny Hulme,McLaren Ford,80.0,1:56:46.049,HUL,1973
France,01 Jul 1973,Ronnie Peterson,Lotus Ford,54.0,1:41:36.520,PET,1973
Great Britain,14 Jul 1973,Peter Revson,McLaren Ford,67.0,1:29:18.500,REV,1973
Netherlands,29 Jul 1973,Jackie Stewart,Tyrrell Ford,72.0,1:39:12.450,STE,1973
Germany,05 Aug 1973,Jackie Stewart,Tyrrell Ford,14.0,1:42:03.000,STE,1973
Austria,19 Aug 1973,Ronnie Peterson,Lotus Ford,54.0,1:28:48.780,PET,1973
Italy,09 Sep 1973,Ronnie Peterson,Lotus Ford,55.0,1:29:17.000,PET,1973
Canada,23 Sep 1973,Peter Revson,McLaren Ford,80.0,1:59:04.083,REV,1973
United States,07 Oct 1973,Ronnie Peterson,Lotus Ford,59.0,1:41:15.799,PET,1973
Argentina,13 Jan 1974,Denny Hulme,McLaren Ford,53.0,1:41:02.010,HUL,1974
Brazil,27 Jan 1974,Emerson Fittipaldi,McLaren Ford,32.0,1:24:37.060,FIT,1974
South Africa,30 Mar 1974,Carlos Reutemann,Brabham Ford,78.0,1:42:40.960,REU,1974
Spain,28 Apr 1974,Niki Lauda,Ferrari,84.0,2:00:29.560,LAU,1974
Belgium,12 May 1974,Emerson Fittipaldi,McLaren Ford,85.0,1:44:20.570,FIT,1974
Monaco,26 May 1974,Ronnie Peterson,Lotus Ford,78.0,1:58:03.700,PET,1974
Sweden,09 Jun 1974,Jody Scheckter,Tyrrell Ford,80.0,1:58:31.391,SCH,1974
Netherlands,23 Jun 1974,Niki Lauda,Ferrari,75.0,1:43:00.350,LAU,1974
France,07 Jul 1974,Ronnie Peterson,Lotus Ford,80.0,1:21:55.020,PET,1974
Great Britain,20 Jul 1974,Jody Scheckter,Tyrrell Ford,75.0,1:43:02.200,SCH,1974
Germany,04 Aug 1974,Clay Regazzoni,Ferrari,14.0,1:41:35.000,REG,1974
Austria,18 Aug 1974,Carlos Reutemann,Brabham Ford,54.0,1:28:44.720,REU,1974
Italy,08 Sep 1974,Ronnie Peterson,Lotus Ford,52.0,1:22:56.600,PET,1974
Canada,22 Sep 1974,Emerson Fittipaldi,McLaren Ford,80.0,1:40:26.136,FIT,1974
United States,06 Oct 1974,Carlos Reutemann,Brabham Ford,59.0,1:40:21.439,REU,1974
Argentina,12 Jan 1975,Emerson Fittipaldi,McLaren Ford,53.0,1:39:26.290,FIT,1975
Brazil,26 Jan 1975,Carlos Pace,Brabham Ford,40.0,1:44:41.170,PAC,1975
South Africa,01 Mar 1975,Jody Scheckter,Tyrrell Ford,78.0,1:43:16.900,SCH,1975
Spain,27 Apr 1975,Jochen Mass,McLaren Ford,29.0,42:53.700,MAS,1975
Monaco,11 May 1975,Niki Lauda,Ferrari,75.0,2:01:21.310,LAU,1975
Belgium,25 May 1975,Niki Lauda,Ferrari,70.0,1:43:53.980,LAU,1975
Sweden,08 Jun 1975,Niki Lauda,Ferrari,80.0,1:59:18.319,LAU,1975
Netherlands,22 Jun 1975,James Hunt,Hesketh Ford,75.0,1:46:57.400,HUN,1975
France,06 Jul 1975,Niki Lauda,Ferrari,54.0,1:40:18.840,LAU,1975
Great Britain,19 Jul 1975,Emerson Fittipaldi,McLaren Ford,56.0,1:22:05.000,FIT,1975
Germany,03 Aug 1975,Carlos Reutemann,Brabham Ford,14.0,1:41:14.100,REU,1975
Austria,17 Aug 1975,Vittorio Brambilla,March Ford,29.0,57:56.690,BRA,1975
Italy,07 Sep 1975,Clay Regazzoni,Ferrari,52.0,1:22:42.600,REG,1975
United States,05 Oct 1975,Niki Lauda,Ferrari,59.0,1:42:58.175,LAU,1975
Brazil,25 Jan 1976,Niki Lauda,Ferrari,40.0,1:45:16.780,LAU,1976
South Africa,06 Mar 1976,Niki Lauda,Ferrari,78.0,1:42:18.400,LAU,1976
USA West,28 Mar 1976,Clay Regazzoni,Ferrari,80.0,1:53:18.471,REG,1976
Spain,02 May 1976,James Hunt,McLaren Ford,75.0,1:42:20.430,HUN,1976
Belgium,16 May 1976,Niki Lauda,Ferrari,70.0,1:42:53.230,LAU,1976
Monaco,30 May 1976,Niki Lauda,Ferrari,78.0,1:59:51.470,LAU,1976
Sweden,13 Jun 1976,Jody Scheckter,Tyrrell Ford,72.0,1:46:53.729,SCH,1976
France,04 Jul 1976,James Hunt,McLaren Ford,54.0,1:40:58.600,HUN,1976
Great Britain,18 Jul 1976,Niki Lauda,Ferrari,76.0,1:44:19.660,LAU,1976
Germany,01 Aug 1976,James Hunt,McLaren Ford,14.0,1:41:42.700,HUN,1976
Austria,15 Aug 1976,John Watson,Penske Ford,54.0,1:30:07.860,WAT,1976
Netherlands,29 Aug 1976,James Hunt,McLaren Ford,75.0,1:44:52.090,HUN,1976
Italy,12 Sep 1976,Ronnie Peterson,March Ford,52.0,1:30:35.600,PET,1976
Canada,03 Oct 1976,James Hunt,McLaren Ford,80.0,1:40:09.626,HUN,1976
USA East,10 Oct 1976,James Hunt,McLaren Ford,59.0,1:42:40.741,HUN,1976
Japan,24 Oct 1976,Mario Andretti,Lotus Ford,73.0,1:43:58.860,AND,1976
Argentina,09 Jan 1977,Jody Scheckter,Wolf Ford,53.0,1:40:11.190,SCH,1977
Brazil,23 Jan 1977,Carlos Reutemann,Ferrari,40.0,1:45:07.720,REU,1977
South Africa,05 Mar 1977,Niki Lauda,Ferrari,78.0,1:42:21.600,LAU,1977
USA West,03 Apr 1977,Mario Andretti,Lotus Ford,80.0,1:51:35.470,AND,1977
Spain,08 May 1977,Mario Andretti,Lotus Ford,75.0,1:42:52.220,AND,1977
Monaco,22 May 1977,Jody Scheckter,Wolf Ford,76.0,1:57:52.770,SCH,1977
Belgium,05 Jun 1977,Gunnar Nilsson,Lotus Ford,70.0,1:55:05.710,NIL,1977
Sweden,19 Jun 1977,Jacques Laffite,Ligier Matra,72.0,1:46:55.520,LAF,1977
France,03 Jul 1977,Mario Andretti,Lotus Ford,80.0,1:39:40.130,AND,1977
Great Britain,16 Jul 1977,James Hunt,McLaren Ford,68.0,1:31:46.060,HUN,1977
Germany,31 Jul 1977,Niki Lauda,Ferrari,47.0,1:31:48.620,LAU,1977
Austria,14 Aug 1977,Alan Jones,Shadow Ford,54.0,1:37:16.490,JON,1977
Netherlands,28 Aug 1977,Niki Lauda,Ferrari,75.0,1:41:45.930,LAU,1977
Italy,11 Sep 1977,Mario Andretti,Lotus Ford,52.0,1:27:50.300,AND,1977
USA East,02 Oct 1977,James Hunt,McLaren Ford,59.0,1:58:23.267,HUN,1977
Canada,09 Oct 1977,Jody Scheckter,Wolf Ford,80.0,1:40:00.000,SCH,1977
Japan,23 Oct 1977,James Hunt,McLaren Ford,73.0,1:31:51.680,HUN,1977
Argentina,15 Jan 1978,Mario Andretti,Lotus Ford,52.0,1:37:04.470,AND,1978
Brazil,29 Jan 1978,Carlos Reutemann,Ferrari,63.0,1:49:59.860,REU,1978
South Africa,04 Mar 1978,Ronnie Peterson,Lotus Ford,78.0,1:42:15.767,PET,1978
USA West,02 Apr 1978,Carlos Reutemann,Ferrari,80.0,1:52:01.301,REU,1978
Monaco,07 May 1978,Patrick Depailler,Tyrrell Ford,75.0,1:55:14.660,DEP,1978
Belgium,21 May 1978,Mario Andretti,Lotus Ford,70.0,1:39:52.020,AND,1978
Spain,04 Jun 1978,Mario Andretti,Lotus Ford,75.0,1:41:47.060,AND,1978
Sweden,17 Jun 1978,Niki Lauda,Brabham Alfa Romeo,70.0,1:41:00.606,LAU,1978
France,02 Jul 1978,Mario Andretti,Lotus Ford,54.0,1:38:51.920,AND,1978
Great Britain,16 Jul 1978,Carlos Reutemann,Ferrari,76.0,1:42:12.390,REU,1978
Germany,30 Jul 1978,Mario Andretti,Lotus Ford,45.0,1:28:00.900,AND,1978
Austria,13 Aug 1978,Ronnie Peterson,Lotus Ford,54.0,1:41:21.570,PET,1978
Netherlands,27 Aug 1978,Mario Andretti,Lotus Ford,75.0,1:41:04.230,AND,1978
Italy,10 Sep 1978,Niki Lauda,Brabham Alfa Romeo,40.0,1:07:04.540,LAU,1978
USA East,01 Oct 1978,Carlos Reutemann,Ferrari,59.0,1:40:48.800,REU,1978
Canada,08 Oct 1978,Gilles Villeneuve,Ferrari,70.0,1:57:49.196,VIL,1978
Argentina,21 Jan 1979,Jacques Laffite,Ligier Ford,53.0,1:36:03.210,LAF,1979
Brazil,04 Feb 1979,Jacques Laffite,Ligier Ford,40.0,1:40:09.640,LAF,1979
South Africa,03 Mar 1979,Gilles Villeneuve,Ferrari,78.0,1:41:49.960,VIL,1979
USA West,08 Apr 1979,Gilles Villeneuve,Ferrari,80.0,1:50:25.400,VIL,1979
Spain,29 Apr 1979,Patrick Depailler,Ligier Ford,75.0,1:39:11.840,DEP,1979
Belgium,13 May 1979,Jody Scheckter,Ferrari,70.0,1:39:59.530,SCH,1979
Monaco,27 May 1979,Jody Scheckter,Ferrari,76.0,1:55:22.480,SCH,1979
France,01 Jul 1979,Jean-Pierre Jabouille,Renault,80.0,1:35:20.420,JAB,1979
Great Britain,14 Jul 1979,Clay Regazzoni,Williams Ford,68.0,1:26:11.170,REG,1979
Germany,29 Jul 1979,Alan Jones,Williams Ford,45.0,1:24:48.830,JON,1979
Austria,12 Aug 1979,Alan Jones,Williams Ford,54.0,1:27:38.010,JON,1979
Netherlands,26 Aug 1979,Alan Jones,Williams Ford,75.0,1:41:19.775,JON,1979
Italy,09 Sep 1979,Jody Scheckter,Ferrari,50.0,1:22:00.220,SCH,1979
Canada,30 Sep 1979,Alan Jones,Williams Ford,72.0,1:52:06.892,JON,1979
USA East,07 Oct 1979,Gilles Villeneuve,Ferrari,59.0,1:52:17.734,VIL,1979
Argentina,13 Jan 1980,Alan Jones,Williams Ford,53.0,1:43:24.380,JON,1980
Brazil,27 Jan 1980,Rene Arnoux,Renault,40.0,1:40:01.330,ARN,1980
South Africa,01 Mar 1980,Rene Arnoux,Renault,78.0,1:36:52.540,ARN,1980
USA West,30 Mar 1980,Nelson Piquet,Brabham Ford,80.0,1:50:18.550,PIQ,1980
Belgium,04 May 1980,Didier Pironi,Ligier Ford,72.0,1:38:46.510,PIR,1980
Monaco,18 May 1980,Carlos Reutemann,Williams Ford,76.0,1:55:34.365,REU,1980
France,29 Jun 1980,Alan Jones,Williams Ford,54.0,1:32:43.420,JON,1980
Great Britain,13 Jul 1980,Alan Jones,Williams Ford,76.0,1:34:49.228,JON,1980
Germany,10 Aug 1980,Jacques Laffite,Ligier Ford,45.0,1:22:59.730,LAF,1980
Austria,17 Aug 1980,Jean-Pierre Jabouille,Renault,54.0,1:26:15.730,JAB,1980
Netherlands,31 Aug 1980,Nelson Piquet,Brabham Ford,72.0,1:38:13.830,PIQ,1980
Italy,14 Sep 1980,Nelson Piquet,Brabham Ford,60.0,1:38:07.520,PIQ,1980
Canada,28 Sep 1980,Alan Jones,Williams Ford,70.0,1:46:45.530,JON,1980
USA East,05 Oct 1980,Alan Jones,Williams Ford,59.0,1:34:36.050,JON,1980
USA West,15 Mar 1981,Alan Jones,Williams Ford,80.0,1:50:41.330,JON,1981
Brazil,29 Mar 1981,Carlos Reutemann,Williams Ford,62.0,2:00:23.660,REU,1981
Argentina,12 Apr 1981,Nelson Piquet,Brabham Ford,53.0,1:34:32.740,PIQ,1981
San Marino,03 May 1981,Nelson Piquet,Brabham Ford,60.0,1:51:23.970,PIQ,1981
Belgium,17 May 1981,Carlos Reutemann,Williams Ford,54.0,1:16:31.610,REU,1981
Monaco,31 May 1981,Gilles Villeneuve,Ferrari,76.0,1:54:23.380,VIL,1981
Spain,21 Jun 1981,Gilles Villeneuve,Ferrari,80.0,1:46:35.010,VIL,1981
France,05 Jul 1981,Alain Prost,Renault,80.0,1:35:48.130,PRO,1981
Great Britain,18 Jul 1981,John Watson,McLaren Ford,68.0,1:26:54.800,WAT,1981
Germany,02 Aug 1981,Nelson Piquet,Brabham Ford,45.0,1:25:55.600,PIQ,1981
Austria,16 Aug 1981,Jacques Laffite,Ligier Matra,53.0,1:27:36.470,LAF,1981
Netherlands,30 Aug 1981,Alain Prost,Renault,72.0,1:40:22.430,PRO,1981
Italy,13 Sep 1981,Alain Prost,Renault,52.0,1:26:33.897,PRO,1981
Canada,27 Sep 1981,Jacques Laffite,Ligier Matra,63.0,2:01:25.205,LAF,1981
Las Vegas,17 Oct 1981,Alan Jones,Williams Ford,75.0,1:44:09.077,JON,1981
South Africa,23 Jan 1982,Alain Prost,Renault,77.0,1:32:08.401,PRO,1982
Brazil,21 Mar 1982,Alain Prost,Renault,63.0,1:44:33.134,PRO,1982
USA West,04 Apr 1982,Niki Lauda,McLaren Ford,75.0,1:58:25.318,LAU,1982
San Marino,25 Apr 1982,Didier Pironi,Ferrari,60.0,1:36:38.887,PIR,1982
Belgium,09 May 1982,John Watson,McLaren Ford,70.0,1:35:41.995,WAT,1982
Monaco,23 May 1982,Riccardo Patrese,Brabham Ford,76.0,1:54:11.259,PAT,1982
Detroit,06 Jun 1982,John Watson,McLaren Ford,62.0,1:58:41.043,WAT,1982
Canada,13 Jun 1982,Nelson Piquet,Brabham BMW,70.0,1:46:39.577,PIQ,1982
Netherlands,03 Jul 1982,Didier Pironi,Ferrari,72.0,1:38:03.254,PIR,1982
Great Britain,18 Jul 1982,Niki Lauda,McLaren Ford,76.0,1:35:33.812,LAU,1982
France,25 Jul 1982,Rene Arnoux,Renault,54.0,1:33:33.217,ARN,1982
Germany,08 Aug 1982,Patrick Tambay,Ferrari,45.0,1:27:25.178,TAM,1982
Austria,15 Aug 1982,Elio de Angelis,Lotus Ford,53.0,1:25:02.212,DEA,1982
Switzerland,29 Aug 1982,Keke Rosberg,Williams Ford,80.0,1:32:41.087,ROS,1982
Italy,12 Sep 1982,Rene Arnoux,Renault,52.0,1:22:25.734,ARN,1982
Las Vegas,25 Sep 1982,Michele Alboreto,Tyrrell Ford,75.0,1:41:56.888,ALB,1982
Brazil,13 Mar 1983,Nelson Piquet,Brabham BMW,63.0,1:48:27.731,PIQ,1983
USA West,27 Mar 1983,John Watson,McLaren Ford,75.0,1:53:34.889,WAT,1983
France,17 Apr 1983,Alain Prost,Renault,54.0,1:34:13.913,PRO,1983
San Marino,01 May 1983,Patrick Tambay,Ferrari,60.0,1:37:52.460,TAM,1983
Monaco,15 May 1983,Keke Rosberg,Williams Ford,76.0,1:56:38.121,ROS,1983
Belgium,22 May 1983,Alain Prost,Renault,40.0,1:27:11.502,PRO,1983
Detroit,05 Jun 1983,Michele Alboreto,Tyrrell Ford,60.0,1:50:53.669,ALB,1983
Canada,12 Jun 1983,Rene Arnoux,Ferrari,70.0,1:48:31.838,ARN,1983
Great Britain,16 Jul 1983,Alain Prost,Renault,67.0,1:24:39.780,PRO,1983
Germany,07 Aug 1983,Rene Arnoux,Ferrari,45.0,1:27:10.319,ARN,1983
Austria,14 Aug 1983,Alain Prost,Renault,53.0,1:24:32.745,PRO,1983
Netherlands,28 Aug 1983,Rene Arnoux,Ferrari,72.0,1:38:41.950,ARN,1983
Italy,11 Sep 1983,Nelson Piquet,Brabham BMW,52.0,1:23:10.880,PIQ,1983
Europe,25 Sep 1983,Nelson Piquet,Brabham BMW,76.0,1:36:45.865,PIQ,1983
South Africa,15 Oct 1983,Riccardo Patrese,Brabham BMW,77.0,1:33:25.708,PAT,1983
Brazil,25 Mar 1984,Alain Prost,McLaren TAG,61.0,1:42:34.492,PRO,1984
South Africa,07 Apr 1984,Niki Lauda,McLaren TAG,75.0,1:29:23.430,LAU,1984
Belgium,29 Apr 1984,Michele Alboreto,Ferrari,70.0,1:36:32.048,ALB,1984
San Marino,06 May 1984,Alain Prost,McLaren TAG,60.0,1:36:53.679,PRO,1984
France,20 May 1984,Niki Lauda,McLaren TAG,79.0,1:31:11.951,LAU,1984
Monaco,03 Jun 1984,Alain Prost,McLaren TAG,31.0,1:01:07.740,PRO,1984
Canada,17 Jun 1984,Nelson Piquet,Brabham BMW,70.0,1:46:23.748,PIQ,1984
Detroit,24 Jun 1984,Nelson Piquet,Brabham BMW,63.0,1:55:41.842,PIQ,1984
Dallas,08 Jul 1984,Keke Rosberg,Williams Honda,67.0,2:01:22.617,ROS,1984
Great Britain,22 Jul 1984,Niki Lauda,McLaren TAG,71.0,1:29:28.532,LAU,1984
Germany,05 Aug 1984,Alain Prost,McLaren TAG,44.0,1:24:43.210,PRO,1984
Austria,19 Aug 1984,Niki Lauda,McLaren TAG,51.0,1:21:12.851,LAU,1984
Netherlands,26 Aug 1984,Alain Prost,McLaren TAG,71.0,1:37:21.468,PRO,1984
Italy,09 Sep 1984,Niki Lauda,McLaren TAG,51.0,1:20:29.065,LAU,1984
Europe,07 Oct 1984,Alain Prost,McLaren TAG,67.0,1:35:13.284,PRO,1984
Portugal,21 Oct 1984,Alain Prost,McLaren TAG,70.0,1:41:11.753,PRO,1984
Brazil,07 Apr 1985,Alain Prost,McLaren TAG,61.0,1:41:26.115,PRO,1985
Portugal,21 Apr 1985,Ayrton Senna,Lotus Renault,67.0,2:00:28.006,SEN,1985
San Marino,05 May 1985,Elio de Angelis,Lotus Renault,60.0,1:34:35.955,DEA,1985
Monaco,19 May 1985,Alain Prost,McLaren TAG,78.0,1:51:58.034,PRO,1985
Canada,16 Jun 1985,Michele Alboreto,Ferrari,70.0,1:46:01.813,ALB,1985
Detroit,23 Jun 1985,Keke Rosberg,Williams Honda,63.0,1:55:39.851,ROS,1985
France,07 Jul 1985,Nelson Piquet,Brabham BMW,53.0,1:31:46.266,PIQ,1985
Great Britain,21 Jul 1985,Alain Prost,McLaren TAG,65.0,1:18:10.436,PRO,1985
Germany,04 Aug 1985,Michele Alboreto,Ferrari,67.0,1:35:31.337,ALB,1985
Austria,18 Aug 1985,Alain Prost,McLaren TAG,52.0,1:20:12.583,PRO,1985
Netherlands,25 Aug 1985,Niki Lauda,McLaren TAG,70.0,1:32:29.263,LAU,1985
Italy,08 Sep 1985,Alain Prost,McLaren TAG,51.0,1:17:59.451,PRO,1985
Belgium,15 Sep 1985,Ayrton Senna,Lotus Renault,43.0,1:34:19.893,SEN,1985
Europe,06 Oct 1985,Nigel Mansell,Williams Honda,75.0,1:32:58.109,MAN,1985
South Africa,19 Oct 1985,Nigel Mansell,Williams Honda,75.0,1:28:22.866,MAN,1985
Australia,03 Nov 1985,Keke Rosberg,Williams Honda,82.0,2:00:40.473,ROS,1985
Brazil,23 Mar 1986,Nelson Piquet,Williams Honda,61.0,1:39:32.583,PIQ,1986
Spain,13 Apr 1986,Ayrton Senna,Lotus Renault,72.0,1:48:47.735,SEN,1986
San Marino,27 Apr 1986,Alain Prost,McLaren TAG,60.0,1:32:28.408,PRO,1986
Monaco,11 May 1986,Alain Prost,McLaren TAG,78.0,1:55:41.060,PRO,1986
Belgium,25 May 1986,Nigel Mansell,Williams Honda,43.0,1:27:57.925,MAN,1986
Canada,15 Jun 1986,Nigel Mansell,Williams Honda,69.0,1:42:26.415,MAN,1986
Detroit,22 Jun 1986,Ayrton Senna,Lotus Renault,63.0,1:51:12.847,SEN,1986
France,06 Jul 1986,Nigel Mansell,Williams Honda,80.0,1:37:19.272,MAN,1986
Great Britain,13 Jul 1986,Nigel Mansell,Williams Honda,75.0,1:30:38.471,MAN,1986
Germany,27 Jul 1986,Nelson Piquet,Williams Honda,44.0,1:22:08.263,PIQ,1986
Hungary,10 Aug 1986,Nelson Piquet,Williams Honda,76.0,2:00:34.508,PIQ,1986
Austria,17 Aug 1986,Alain Prost,McLaren TAG,52.0,1:21:22.531,PRO,1986
Italy,07 Sep 1986,Nelson Piquet,Williams Honda,51.0,1:17:42.889,PIQ,1986
Portugal,21 Sep 1986,Nigel Mansell,Williams Honda,70.0,1:37:21.900,MAN,1986
Mexico,12 Oct 1986,Gerhard Berger,Benetton BMW,68.0,1:33:18.700,BER,1986
Australia,26 Oct 1986,Alain Prost,McLaren TAG,82.0,1:54:20.388,PRO,1986
Brazil,12 Apr 1987,Alain Prost,McLaren TAG,61.0,1:39:45.141,PRO,1987
San Marino,03 May 1987,Nigel Mansell,Williams Honda,59.0,1:31:24.076,MAN,1987
Belgium,17 May 1987,Alain Prost,McLaren TAG,43.0,1:27:03.217,PRO,1987
Monaco,31 May 1987,Ayrton Senna,Lotus Honda,78.0,1:57:54.085,SEN,1987
Detroit,21 Jun 1987,Ayrton Senna,Lotus Honda,63.0,1:50:16.358,SEN,1987
France,05 Jul 1987,Nigel Mansell,Williams Honda,80.0,1:37:03.839,MAN,1987
Great Britain,12 Jul 1987,Nigel Mansell,Williams Honda,65.0,1:19:11.780,MAN,1987
Germany,26 Jul 1987,Nelson Piquet,Williams Honda,44.0,1:21:25.091,PIQ,1987
Hungary,09 Aug 1987,Nelson Piquet,Williams Honda,76.0,1:59:26.793,PIQ,1987
Austria,16 Aug 1987,Nigel Mansell,Williams Honda,52.0,1:18:44.898,MAN,1987
Italy,06 Sep 1987,Nelson Piquet,Williams Honda,50.0,1:14:47.707,PIQ,1987
Portugal,20 Sep 1987,Alain Prost,McLaren TAG,70.0,1:37:03.906,PRO,1987
Spain,27 Sep 1987,Nigel Mansell,Williams Honda,72.0,1:49:12.692,MAN,1987
Mexico,18 Oct 1987,Nigel Mansell,Williams Honda,63.0,1:26:24.207,MAN,1987
Japan,01 Nov 1987,Gerhard Berger,Ferrari,51.0,1:32:58.072,BER,1987
Australia,15 Nov 1987,Gerhard Berger,Ferrari,82.0,1:52:56.144,BER,1987
Brazil,03 Apr 1988,Alain Prost,McLaren Honda,60.0,1:36:06.857,PRO,1988
San Marino,01 May 1988,Ayrton Senna,McLaren Honda,60.0,1:32:41.264,SEN,1988
Monaco,15 May 1988,Alain Prost,McLaren Honda,78.0,1:57:17.077,PRO,1988
Mexico,29 May 1988,Alain Prost,McLaren Honda,67.0,1:30:15.737,PRO,1988
Canada,12 Jun 1988,Ayrton Senna,McLaren Honda,69.0,1:39:46.618,SEN,1988
Detroit,19 Jun 1988,Ayrton Senna,McLaren Honda,63.0,1:54:56.035,SEN,1988
France,03 Jul 1988,Alain Prost,McLaren Honda,80.0,1:37:37.328,PRO,1988
Great Britain,10 Jul 1988,Ayrton Senna,McLaren Honda,65.0,1:33:16.367,SEN,1988
Germany,24 Jul 1988,Ayrton Senna,McLaren Honda,44.0,1:32:54.188,SEN,1988
Hungary,07 Aug 1988,Ayrton Senna,McLaren Honda,76.0,1:57:47.081,SEN,1988
Belgium,28 Aug 1988,Ayrton Senna,McLaren Honda,43.0,1:28:00.549,SEN,1988
Italy,11 Sep 1988,Gerhard Berger,Ferrari,51.0,1:17:39.744,BER,1988
Portugal,25 Sep 1988,Alain Prost,McLaren Honda,70.0,1:37:40.958,PRO,1988
Spain,02 Oct 1988,Alain Prost,McLaren Honda,72.0,1:48:43.851,PRO,1988
Japan,30 Oct 1988,Ayrton Senna,McLaren Honda,51.0,1:33:26.173,SEN,1988
Australia,13 Nov 1988,Alain Prost,McLaren Honda,82.0,1:53:14.676,PRO,1988
Brazil,26 Mar 1989,Nigel Mansell,Ferrari,61.0,1:38:58.744,MAN,1989
San Marino,23 Apr 1989,Ayrton Senna,McLaren Honda,58.0,1:26:51.245,SEN,1989
Monaco,07 May 1989,Ayrton Senna,McLaren Honda,77.0,1:53:33.251,SEN,1989
Mexico,28 May 1989,Ayrton Senna,McLaren Honda,69.0,1:35:21.431,SEN,1989
United States,04 Jun 1989,Alain Prost,McLaren Honda,75.0,2:01:33.133,PRO,1989
Canada,18 Jun 1989,Thierry Boutsen,Williams Renault,69.0,2:01:24.073,BOU,1989
France,09 Jul 1989,Alain Prost,McLaren Honda,80.0,1:38:29.411,PRO,1989
Great Britain,16 Jul 1989,Alain Prost,McLaren Honda,64.0,1:19:22.131,PRO,1989
Germany,30 Jul 1989,Ayrton Senna,McLaren Honda,45.0,1:21:43.302,SEN,1989
Hungary,13 Aug 1989,Nigel Mansell,Ferrari,77.0,1:49:38.650,MAN,1989
Belgium,27 Aug 1989,Ayrton Senna,McLaren Honda,44.0,1:40:54.196,SEN,1989
Italy,10 Sep 1989,Alain Prost,McLaren Honda,53.0,1:19:27.550,PRO,1989
Portugal,24 Sep 1989,Gerhard Berger,Ferrari,71.0,1:36:48.546,BER,1989
Spain,01 Oct 1989,Ayrton Senna,McLaren Honda,72.0,1:47:48.264,SEN,1989
Japan,22 Oct 1989,Alessandro Nannini,Benetton Ford,53.0,1:35:06.277,NAN,1989
Australia,05 Nov 1989,Thierry Boutsen,Williams Renault,70.0,2:00:17.421,BOU,1989
United States,11 Mar 1990,Ayrton Senna,McLaren Honda,72.0,1:52:32.829,SEN,1990
Brazil,25 Mar 1990,Alain Prost,Ferrari,71.0,1:37:21.258,PRO,1990
San Marino,13 May 1990,Riccardo Patrese,Williams Renault,61.0,1:30:55.478,PAT,1990
Monaco,27 May 1990,Ayrton Senna,McLaren Honda,78.0,1:52:46.982,SEN,1990
Canada,10 Jun 1990,Ayrton Senna,McLaren Honda,70.0,1:42:56.400,SEN,1990
Mexico,24 Jun 1990,Alain Prost,Ferrari,69.0,1:32:35.783,PRO,1990
France,08 Jul 1990,Alain Prost,Ferrari,80.0,1:33:29.606,PRO,1990
Great Britain,15 Jul 1990,Alain Prost,Ferrari,64.0,1:18:30.999,PRO,1990
Germany,29 Jul 1990,Ayrton Senna,McLaren Honda,45.0,1:20:47.164,SEN,1990
Hungary,12 Aug 1990,Thierry Boutsen,Williams Renault,77.0,1:49:30.597,BOU,1990
Belgium,26 Aug 1990,Ayrton Senna,McLaren Honda,44.0,1:26:31.997,SEN,1990
Italy,09 Sep 1990,Ayrton Senna,McLaren Honda,53.0,1:17:57.878,SEN,1990
Portugal,23 Sep 1990,Nigel Mansell,Ferrari,61.0,1:22:11.014,MAN,1990
Spain,30 Sep 1990,Alain Prost,Ferrari,73.0,1:48:01.461,PRO,1990
Japan,21 Oct 1990,Nelson Piquet,Benetton Ford,53.0,1:34:36.824,PIQ,1990
Australia,04 Nov 1990,Nelson Piquet,Benetton Ford,81.0,1:49:44.570,PIQ,1990
United States,10 Mar 1991,Ayrton Senna,McLaren Honda,81.0,2:00:47.828,SEN,1991
Brazil,24 Mar 1991,Ayrton Senna,McLaren Honda,71.0,1:38:28.128,SEN,1991
San Marino,28 Apr 1991,Ayrton Senna,McLaren Honda,61.0,1:35:14.750,SEN,1991
Monaco,12 May 1991,Ayrton Senna,McLaren Honda,78.0,1:53:02.334,SEN,1991
Canada,02 Jun 1991,Nelson Piquet,Benetton Ford,69.0,1:38:51.490,PIQ,1991
Mexico,16 Jun 1991,Riccardo Patrese,Williams Renault,67.0,1:29:52.205,PAT,1991
France,07 Jul 1991,Nigel Mansell,Williams Renault,72.0,1:38:00.056,MAN,1991
Great Britain,14 Jul 1991,Nigel Mansell,Williams Renault,59.0,1:27:35.479,MAN,1991
Germany,28 Jul 1991,Nigel Mansell,Williams Renault,45.0,1:19:29.661,MAN,1991
Hungary,11 Aug 1991,Ayrton Senna,McLaren Honda,77.0,1:49:12.796,SEN,1991
Belgium,25 Aug 1991,Ayrton Senna,McLaren Honda,44.0,1:27:17.669,SEN,1991
Italy,08 Sep 1991,Nigel Mansell,Williams Renault,53.0,1:17:54.319,MAN,1991
Portugal,22 Sep 1991,Riccardo Patrese,Williams Renault,71.0,1:35:42.304,PAT,1991
Spain,29 Sep 1991,Nigel Mansell,Williams Renault,65.0,1:38:41.541,MAN,1991
Japan,20 Oct 1991,Gerhard Berger,McLaren Honda,53.0,1:32:10.695,BER,1991
Australia,03 Nov 1991,Ayrton Senna,McLaren Honda,14.0,24:34.899,SEN,1991
South Africa,01 Mar 1992,Nigel Mansell,Williams Renault,72.0,1:36:45.320,MAN,1992
Mexico,22 Mar 1992,Nigel Mansell,Williams Renault,69.0,1:31:53.587,MAN,1992
Brazil,05 Apr 1992,Nigel Mansell,Williams Renault,71.0,1:36:51.856,MAN,1992
Spain,03 May 1992,Nigel Mansell,Williams Renault,65.0,1:56:10.674,MAN,1992
San Marino,17 May 1992,Nigel Mansell,Williams Renault,60.0,1:28:40.927,MAN,1992
Monaco,31 May 1992,Ayrton Senna,McLaren Honda,78.0,1:50:59.372,SEN,1992
Canada,14 Jun 1992,Gerhard Berger,McLaren Honda,69.0,1:37:08.299,BER,1992
France,05 Jul 1992,Nigel Mansell,Williams Renault,69.0,1:38:08.459,MAN,1992
Great Britain,12 Jul 1992,Nigel Mansell,Williams Renault,59.0,1:25:42.991,MAN,1992
Germany,26 Jul 1992,Nigel Mansell,Williams Renault,45.0,1:18:22.032,MAN,1992
Hungary,16 Aug 1992,Ayrton Senna,McLaren Honda,77.0,1:46:19.216,SEN,1992
Belgium,30 Aug 1992,Michael Schumacher,Benetton Ford,44.0,1:36:10.721,MSC,1992
Italy,13 Sep 1992,Ayrton Senna,McLaren Honda,53.0,1:18:15.349,SEN,1992
Portugal,27 Sep 1992,Nigel Mansell,Williams Renault,71.0,1:34:46.659,MAN,1992
Japan,25 Oct 1992,Riccardo Patrese,Williams Renault,53.0,1:33:09.553,PAT,1992
Australia,08 Nov 1992,Gerhard Berger,McLaren Honda,82.0,1:46:54.786,BER,1992
South Africa,14 Mar 1993,Alain Prost,Williams Renault,72.0,1:38:45.082,PRO,1993
Brazil,28 Mar 1993,Ayrton Senna,McLaren Ford,71.0,1:51:15.485,SEN,1993
Europe,11 Apr 1993,Ayrton Senna,McLaren Ford,76.0,1:50:46.570,SEN,1993
San Marino,25 Apr 1993,Alain Prost,Williams Renault,61.0,1:33:20.413,PRO,1993
Spain,09 May 1993,Alain Prost,Williams Renault,65.0,1:32:27.685,PRO,1993
Monaco,23 May 1993,Ayrton Senna,McLaren Ford,78.0,1:52:10.947,SEN,1993
Canada,13 Jun 1993,Alain Prost,Williams Renault,69.0,1:36:41.822,PRO,1993
France,04 Jul 1993,Alain Prost,Williams Renault,72.0,1:38:35.241,PRO,1993
Great Britain,11 Jul 1993,Alain Prost,Williams Renault,59.0,1:25:38.189,PRO,1993
Germany,25 Jul 1993,Alain Prost,Williams Renault,45.0,1:18:40.885,PRO,1993
Hungary,15 Aug 1993,Damon Hill,Williams Renault,77.0,1:47:39.098,HIL,1993
Belgium,29 Aug 1993,Damon Hill,Williams Renault,44.0,1:24:32.124,HIL,1993
Italy,12 Sep 1993,Damon Hill,Williams Renault,53.0,1:17:07.509,HIL,1993
Portugal,26 Sep 1993,Michael Schumacher,Benetton Ford,71.0,1:32:46.309,MSC,1993
Japan,24 Oct 1993,Ayrton Senna,McLaren Ford,53.0,1:40:27.912,SEN,1993
Australia,07 Nov 1993,Ayrton Senna,McLaren Ford,79.0,1:43:27.476,SEN,1993
Brazil,27 Mar 1994,Michael Schumacher,Benetton Ford,71.0,1:35:38.759,MSC,1994
Pacific,17 Apr 1994,Michael Schumacher,Benetton Ford,83.0,1:46:01.693,MSC,1994
San Marino,01 May 1994,Michael Schumacher,Benetton Ford,58.0,1:28:28.642,MSC,1994
Monaco,15 May 1994,Michael Schumacher,Benetton Ford,78.0,1:49:55.372,MSC,1994
Spain,29 May 1994,Damon Hill,Williams Renault,65.0,1:36:14.374,HIL,1994
Canada,12 Jun 1994,Michael Schumacher,Benetton Ford,69.0,1:44:31.887,MSC,1994
France,03 Jul 1994,Michael Schumacher,Benetton Ford,72.0,1:38:35.704,MSC,1994
Great Britain,10 Jul 1994,Damon Hill,Williams Renault,60.0,1:30:03.640,HIL,1994
Germany,31 Jul 1994,Gerhard Berger,Ferrari,45.0,1:22:37.272,BER,1994
Hungary,14 Aug 1994,Michael Schumacher,Benetton Ford,77.0,1:48:00.185,MSC,1994
Belgium,28 Aug 1994,Damon Hill,Williams Renault,44.0,1:28:47.170,HIL,1994
Italy,11 Sep 1994,Damon Hill,Williams Renault,53.0,1:18:02.754,HIL,1994
Portugal,25 Sep 1994,Damon Hill,Williams Renault,71.0,1:41:10.165,HIL,1994
Europe,16 Oct 1994,Michael Schumacher,Benetton Ford,69.0,1:40:26.689,MSC,1994
Japan,06 Nov 1994,Damon Hill,Williams Renault,50.0,1:55:53.532,HIL,1994
Australia,13 Nov 1994,Nigel Mansell,Williams Renault,81.0,1:47:51.480,MAN,1994
Brazil,26 Mar 1995,Michael Schumacher,Benetton Renault,71.0,1:38:34.154,MSC,1995
Argentina,09 Apr 1995,Damon Hill,Williams Renault,71.0,1:51:39.531,HIL,1995
San Marino,30 Apr 1995,Damon Hill,Williams Renault,63.0,1:41:42.552,HIL,1995
Spain,14 May 1995,Michael Schumacher,Benetton Renault,65.0,1:34:20.507,MSC,1995
Monaco,28 May 1995,Michael Schumacher,Benetton Renault,78.0,1:53:11.258,MSC,1995
Canada,11 Jun 1995,Jean Alesi,Ferrari,69.0,1:46:31.333,ALE,1995
France,02 Jul 1995,Michael Schumacher,Benetton Renault,72.0,1:38:28.429,MSC,1995
Great Britain,16 Jul 1995,Johnny Herbert,Benetton Renault,61.0,1:34:35.093,HER,1995
Germany,30 Jul 1995,Michael Schumacher,Benetton Renault,45.0,1:22:56.043,MSC,1995
Hungary,13 Aug 1995,Damon Hill,Williams Renault,77.0,1:46:25.721,HIL,1995
Belgium,27 Aug 1995,Michael Schumacher,Benetton Renault,44.0,1:36:47.875,MSC,1995
Italy,10 Sep 1995,Johnny Herbert,Benetton Renault,53.0,1:18:27.916,HER,1995
Portugal,24 Sep 1995,David Coulthard,Williams Renault,71.0,1:41:52.145,COU,1995
Europe,01 Oct 1995,Michael Schumacher,Benetton Renault,67.0,1:39:59.044,MSC,1995
Pacific,22 Oct 1995,Michael Schumacher,Benetton Renault,83.0,1:48:49.972,MSC,1995
Japan,29 Oct 1995,Michael Schumacher,Benetton Renault,53.0,1:36:52.930,MSC,1995
Australia,12 Nov 1995,Damon Hill,Williams Renault,81.0,1:49:15.946,HIL,1995
Australia,10 Mar 1996,Damon Hill,Williams Renault,58.0,1:32:50.491,HIL,1996
Brazil,31 Mar 1996,Damon Hill,Williams Renault,71.0,1:49:52.976,HIL,1996
Argentina,07 Apr 1996,Damon Hill,Williams Renault,72.0,1:54:55.322,HIL,1996
Europe,28 Apr 1996,Jacques Villeneuve,Williams Renault,67.0,1:33:26.473,VIL,1996
San Marino,05 May 1996,Damon Hill,Williams Renault,63.0,1:35:26.156,HIL,1996
Monaco,19 May 1996,Olivier Panis,Ligier Mugen Honda,75.0,2:00:45.629,PAN,1996
Spain,02 Jun 1996,Michael Schumacher,Ferrari,65.0,1:59:49.307,MSC,1996
Canada,16 Jun 1996,Damon Hill,Williams Renault,69.0,1:36:03.465,HIL,1996
France,30 Jun 1996,Damon Hill,Williams Renault,72.0,1:36:28.795,HIL,1996
Great Britain,14 Jul 1996,Jacques Villeneuve,Williams Renault,61.0,1:33:00.874,VIL,1996
Germany,28 Jul 1996,Damon Hill,Williams Renault,45.0,1:21:43.417,HIL,1996
Hungary,11 Aug 1996,Jacques Villeneuve,Williams Renault,77.0,1:46:21.134,VIL,1996
Belgium,25 Aug 1996,Michael Schumacher,Ferrari,44.0,1:28:15.125,MSC,1996
Italy,08 Sep 1996,Michael Schumacher,Ferrari,53.0,1:17:43.632,MSC,1996
Portugal,22 Sep 1996,Jacques Villeneuve,Williams Renault,70.0,1:40:22.915,VIL,1996
Japan,13 Oct 1996,Damon Hill,Williams Renault,52.0,1:32:33.791,HIL,1996
Australia,09 Mar 1997,David Coulthard,McLaren Mercedes,58.0,1:30:28.718,COU,1997
Brazil,30 Mar 1997,Jacques Villeneuve,Williams Renault,72.0,1:36:06.990,VIL,1997
Argentina,13 Apr 1997,Jacques Villeneuve,Williams Renault,72.0,1:52:01.715,VIL,1997
San Marino,27 Apr 1997,Heinz-Harald Frentzen,Williams Renault,62.0,1:31:00.673,FRE,1997
Monaco,11 May 1997,Michael Schumacher,Ferrari,62.0,2:00:05.654,MSC,1997
Spain,25 May 1997,Jacques Villeneuve,Williams Renault,64.0,1:30:35.896,VIL,1997
Canada,15 Jun 1997,Michael Schumacher,Ferrari,54.0,1:17:40.646,MSC,1997
France,29 Jun 1997,Michael Schumacher,Ferrari,72.0,1:38:50.492,MSC,1997
Great Britain,13 Jul 1997,Jacques Villeneuve,Williams Renault,59.0,1:28:01.665,VIL,1997
Germany,27 Jul 1997,Gerhard Berger,Benetton Renault,45.0,1:20:59.046,BER,1997
Hungary,10 Aug 1997,Jacques Villeneuve,Williams Renault,77.0,1:45:47.149,VIL,1997
Belgium,24 Aug 1997,Michael Schumacher,Ferrari,44.0,1:33:46.717,MSC,1997
Italy,07 Sep 1997,David Coulthard,McLaren Mercedes,53.0,1:17:04.609,COU,1997
Austria,21 Sep 1997,Jacques Villeneuve,Williams Renault,71.0,1:27:35.999,VIL,1997
Luxembourg,28 Sep 1997,Jacques Villeneuve,Williams Renault,67.0,1:31:27.843,VIL,1997
Japan,12 Oct 1997,Michael Schumacher,Ferrari,53.0,1:29:48.446,MSC,1997
Europe,26 Oct 1997,Mika Hakkinen,McLaren Mercedes,69.0,1:38:57.771,HAK,1997
Australia,08 Mar 1998,Mika Hakkinen,McLaren Mercedes,58.0,1:31:45.996,HAK,1998
Brazil,29 Mar 1998,Mika Hakkinen,McLaren Mercedes,72.0,1:37:11.747,HAK,1998
Argentina,12 Apr 1998,Michael Schumacher,Ferrari,72.0,1:48:36.175,MSC,1998
San Marino,26 Apr 1998,David Coulthard,McLaren Mercedes,62.0,1:34:24.593,COU,1998
Spain,10 May 1998,Mika Hakkinen,McLaren Mercedes,65.0,1:33:37.621,HAK,1998
Monaco,24 May 1998,Mika Hakkinen,McLaren Mercedes,78.0,1:51:23.595,HAK,1998
Canada,07 Jun 1998,Michael Schumacher,Ferrari,69.0,1:40:57.355,MSC,1998
France,28 Jun 1998,Michael Schumacher,Ferrari,71.0,1:34:45.026,MSC,1998
Great Britain,12 Jul 1998,Michael Schumacher,Ferrari,60.0,1:47:02.450,MSC,1998
Austria,26 Jul 1998,Mika Hakkinen,McLaren Mercedes,71.0,1:30:44.086,HAK,1998
Germany,02 Aug 1998,Mika Hakkinen,McLaren Mercedes,45.0,1:20:47.984,HAK,1998
Hungary,16 Aug 1998,Michael Schumacher,Ferrari,77.0,1:45:25.550,MSC,1998
Belgium,30 Aug 1998,Damon Hill,Jordan Mugen Honda,44.0,1:43:47.407,HIL,1998
Italy,13 Sep 1998,Michael Schumacher,Ferrari,53.0,1:17:09.672,MSC,1998
Luxembourg,27 Sep 1998,Mika Hakkinen,McLaren Mercedes,67.0,1:32:14.789,HAK,1998
Japan,01 Nov 1998,Mika Hakkinen,McLaren Mercedes,51.0,1:27:22.535,HAK,1998
Australia,07 Mar 1999,Eddie Irvine,Ferrari,57.0,1:35:01.659,IRV,1999
Brazil,11 Apr 1999,Mika Hakkinen,McLaren Mercedes,72.0,1:36:03.785,HAK,1999
San Marino,02 May 1999,Michael Schumacher,Ferrari,62.0,1:33:44.792,MSC,1999
Monaco,16 May 1999,Michael Schumacher,Ferrari,78.0,1:49:31.812,MSC,1999
Spain,30 May 1999,Mika Hakkinen,McLaren Mercedes,65.0,1:34:13.665,HAK,1999
Canada,13 Jun 1999,Mika Hakkinen,McLaren Mercedes,69.0,1:41:35.727,HAK,1999
France,27 Jun 1999,Heinz-Harald Frentzen,Jordan Mugen Honda,72.0,1:58:24.343,FRE,1999
Great Britain,11 Jul 1999,David Coulthard,McLaren Mercedes,60.0,1:32:30.144,COU,1999
Austria,25 Jul 1999,Eddie Irvine,Ferrari,71.0,1:28:12.438,IRV,1999
Germany,01 Aug 1999,Eddie Irvine,Ferrari,45.0,1:21:58.594,IRV,1999
Hungary,15 Aug 1999,Mika Hakkinen,McLaren Mercedes,77.0,1:46:23.536,HAK,1999
Belgium,29 Aug 1999,David Coulthard,McLaren Mercedes,44.0,1:25:43.057,COU,1999
Italy,12 Sep 1999,Heinz-Harald Frentzen,Jordan Mugen Honda,53.0,1:17:02.923,FRE,1999
Europe,26 Sep 1999,Johnny Herbert,Stewart Ford,66.0,1:41:54.314,HER,1999
Malaysia,17 Oct 1999,Eddie Irvine,Ferrari,56.0,1:36:38.494,IRV,1999
Japan,31 Oct 1999,Mika Hakkinen,McLaren Mercedes,53.0,1:31:18.785,HAK,1999
Australia,12 Mar 2000,Michael Schumacher,Ferrari,58.0,1:34:01.987,MSC,2000
Brazil,26 Mar 2000,Michael Schumacher,Ferrari,71.0,1:31:35.271,MSC,2000
San Marino,09 Apr 2000,Michael Schumacher,Ferrari,62.0,1:31:39.776,MSC,2000
Great Britain,23 Apr 2000,David Coulthard,McLaren Mercedes,60.0,1:28:50.108,COU,2000
Spain,07 May 2000,Mika Hakkinen,McLaren Mercedes,65.0,1:33:55.390,HAK,2000
Europe,21 May 2000,Michael Schumacher,Ferrari,67.0,1:42:00.307,MSC,2000
Monaco,04 Jun 2000,David Coulthard,McLaren Mercedes,78.0,1:49:28.213,COU,2000
Canada,18 Jun 2000,Michael Schumacher,Ferrari,69.0,1:41:12.313,MSC,2000
France,02 Jul 2000,David Coulthard,McLaren Mercedes,72.0,1:38:05.538,COU,2000
Austria,16 Jul 2000,Mika Hakkinen,McLaren Mercedes,71.0,1:28:15.818,HAK,2000
Germany,30 Jul 2000,Rubens Barrichello,Ferrari,45.0,1:25:34.418,BAR,2000
Hungary,13 Aug 2000,Mika Hakkinen,McLaren Mercedes,77.0,1:45:33.869,HAK,2000
Belgium,27 Aug 2000,Mika Hakkinen,McLaren Mercedes,44.0,1:28:14.494,HAK,2000
Italy,10 Sep 2000,Michael Schumacher,Ferrari,53.0,1:27:31.638,MSC,2000
United States,24 Sep 2000,Michael Schumacher,Ferrari,73.0,1:36:30.883,MSC,2000
Japan,08 Oct 2000,Michael Schumacher,Ferrari,53.0,1:29:53.435,MSC,2000
Malaysia,22 Oct 2000,Michael Schumacher,Ferrari,56.0,1:35:54.235,MSC,2000
Australia,04 Mar 2001,Michael Schumacher,Ferrari,58.0,1:38:26.533,MSC,2001
Malaysia,18 Mar 2001,Michael Schumacher,Ferrari,55.0,1:47:34.801,MSC,2001
Brazil,01 Apr 2001,David Coulthard,McLaren Mercedes,71.0,1:39:00.834,COU,2001
San Marino,15 Apr 2001,Ralf Schumacher,Williams BMW,62.0,1:30:44.817,RSC,2001
Spain,29 Apr 2001,Michael Schumacher,Ferrari,65.0,1:31:03.305,MSC,2001
Austria,13 May 2001,David Coulthard,McLaren Mercedes,71.0,1:27:45.927,COU,2001
Monaco,27 May 2001,Michael Schumacher,Ferrari,78.0,1:47:22.561,MSC,2001
Canada,10 Jun 2001,Ralf Schumacher,Williams BMW,69.0,1:34:31.522,RSC,2001
Europe,24 Jun 2001,Michael Schumacher,Ferrari,67.0,1:29:42.724,MSC,2001
France,01 Jul 2001,Michael Schumacher,Ferrari,72.0,1:33:35.636,MSC,2001
Great Britain,15 Jul 2001,Mika Hakkinen,McLaren Mercedes,60.0,1:25:33.770,HAK,2001
Germany,29 Jul 2001,Ralf Schumacher,Williams BMW,45.0,1:18:17.873,RSC,2001
Hungary,19 Aug 2001,Michael Schumacher,Ferrari,77.0,1:41:49.675,MSC,2001
Belgium,02 Sep 2001,Michael Schumacher,Ferrari,36.0,1:08:05.002,MSC,2001
Italy,16 Sep 2001,Juan Pablo Montoya,Williams BMW,53.0,1:16:58.493,MOY,2001
United States,30 Sep 2001,Mika Hakkinen,McLaren Mercedes,73.0,1:32:42.840,HAK,2001
Japan,14 Oct 2001,Michael Schumacher,Ferrari,53.0,1:27:33.298,MSC,2001
Australia,03 Mar 2002,Michael Schumacher,Ferrari,58.0,1:35:36.792,MSC,2002
Malaysia,17 Mar 2002,Ralf Schumacher,Williams BMW,56.0,1:34:12.912,RSC,2002
Brazil,31 Mar 2002,Michael Schumacher,Ferrari,71.0,1:31:43.663,MSC,2002
San Marino,14 Apr 2002,Michael Schumacher,Ferrari,62.0,1:29:10.789,MSC,2002
Spain,28 Apr 2002,Michael Schumacher,Ferrari,65.0,1:30:29.981,MSC,2002
Austria,12 May 2002,Michael Schumacher,Ferrari,71.0,1:33:51.562,MSC,2002
Monaco,26 May 2002,David Coulthard,McLaren Mercedes,78.0,1:45:39.055,COU,2002
Canada,09 Jun 2002,Michael Schumacher,Ferrari,70.0,1:33:36.111,MSC,2002
Europe,23 Jun 2002,Rubens Barrichello,Ferrari,60.0,1:35:07.426,BAR,2002
Great Britain,07 Jul 2002,Michael Schumacher,Ferrari,60.0,1:31:45.015,MSC,2002
France,21 Jul 2002,Michael Schumacher,Ferrari,72.0,1:32:09.837,MSC,2002
Germany,28 Jul 2002,Michael Schumacher,Ferrari,67.0,1:27:52.078,MSC,2002
Hungary,18 Aug 2002,Rubens Barrichello,Ferrari,77.0,1:41:49.001,BAR,2002
Belgium,01 Sep 2002,Michael Schumacher,Ferrari,44.0,1:21:20.634,MSC,2002
Italy,15 Sep 2002,Rubens Barrichello,Ferrari,53.0,1:16:19.982,BAR,2002
United States,29 Sep 2002,Rubens Barrichello,Ferrari,73.0,1:31:07.934,BAR,2002
Japan,13 Oct 2002,Michael Schumacher,Ferrari,53.0,1:26:59.698,MSC,2002
Australia,09 Mar 2003,David Coulthard,McLaren Mercedes,58.0,1:34:42.124,COU,2003
Malaysia,23 Mar 2003,Kimi Rikknen,McLaren Mercedes,56.0,1:32:22.195,RAI,2003
Brazil,06 Apr 2003,Giancarlo Fisichella,Jordan Ford,54.0,1:31:17.748,FIS,2003
San Marino,20 Apr 2003,Michael Schumacher,Ferrari,62.0,1:28:12.058,MSC,2003
Spain,04 May 2003,Michael Schumacher,Ferrari,65.0,1:33:46.933,MSC,2003
Austria,18 May 2003,Michael Schumacher,Ferrari,69.0,1:24:04.888,MSC,2003
Monaco,01 Jun 2003,Juan Pablo Montoya,Williams BMW,78.0,1:42:19.010,MOY,2003
Canada,15 Jun 2003,Michael Schumacher,Ferrari,70.0,1:31:13.591,MSC,2003
Europe,29 Jun 2003,Ralf Schumacher,Williams BMW,60.0,1:34:43.622,RSC,2003
France,06 Jul 2003,Ralf Schumacher,Williams BMW,70.0,1:30:49.213,RSC,2003
Great Britain,20 Jul 2003,Rubens Barrichello,Ferrari,60.0,1:28:37.554,BAR,2003
Germany,03 Aug 2003,Juan Pablo Montoya,Williams BMW,67.0,1:28:48.769,MOY,2003
Hungary,24 Aug 2003,Fernando Alonso,Renault,70.0,1:39:01.460,ALO,2003
Italy,14 Sep 2003,Michael Schumacher,Ferrari,53.0,1:14:19.838,MSC,2003
United States,28 Sep 2003,Michael Schumacher,Ferrari,73.0,1:33:35.997,MSC,2003
Japan,12 Oct 2003,Rubens Barrichello,Ferrari,53.0,1:25:11.743,BAR,2003
Australia,07 Mar 2004,Michael Schumacher,Ferrari,58.0,1:24:15.757,MSC,2004
Malaysia,21 Mar 2004,Michael Schumacher,Ferrari,56.0,1:31:07.490,MSC,2004
Bahrain,04 Apr 2004,Michael Schumacher,Ferrari,57.0,1:28:34.875,MSC,2004
San Marino,25 Apr 2004,Michael Schumacher,Ferrari,62.0,1:26:19.670,MSC,2004
Spain,09 May 2004,Michael Schumacher,Ferrari,66.0,1:27:32.841,MSC,2004
Monaco,23 May 2004,Jarno Trulli,Renault,77.0,1:45:46.601,TRU,2004
Europe,30 May 2004,Michael Schumacher,Ferrari,60.0,1:32:35.101,MSC,2004
Canada,13 Jun 2004,Michael Schumacher,Ferrari,70.0,1:28:24.803,MSC,2004
United States,20 Jun 2004,Michael Schumacher,Ferrari,73.0,1:40:29.914,MSC,2004
France,04 Jul 2004,Michael Schumacher,Ferrari,70.0,1:30:18.133,MSC,2004
Great Britain,11 Jul 2004,Michael Schumacher,Ferrari,60.0,1:24:42.700,MSC,2004
Germany,25 Jul 2004,Michael Schumacher,Ferrari,66.0,1:23:54.848,MSC,2004
Hungary,15 Aug 2004,Michael Schumacher,Ferrari,70.0,1:35:26.131,MSC,2004
Belgium,29 Aug 2004,Kimi Rikknen,McLaren Mercedes,44.0,1:32:35.274,RAI,2004
Italy,12 Sep 2004,Rubens Barrichello,Ferrari,53.0,1:15:18.448,BAR,2004
China,26 Sep 2004,Rubens Barrichello,Ferrari,56.0,1:29:12.420,BAR,2004
Japan,10 Oct 2004,Michael Schumacher,Ferrari,53.0,1:24:26.985,MSC,2004
Brazil,24 Oct 2004,Juan Pablo Montoya,Williams BMW,71.0,1:28:01.451,MOY,2004
Australia,06 Mar 2005,Giancarlo Fisichella,Renault,57.0,1:24:17.336,FIS,2005
Malaysia,20 Mar 2005,Fernando Alonso,Renault,56.0,1:31:33.736,ALO,2005
Bahrain,03 Apr 2005,Fernando Alonso,Renault,57.0,1:29:18.531,ALO,2005
San Marino,24 Apr 2005,Fernando Alonso,Renault,62.0,1:27:41.921,ALO,2005
Spain,08 May 2005,Kimi Rikknen,McLaren Mercedes,66.0,1:27:16.830,RAI,2005
Monaco,22 May 2005,Kimi Rikknen,McLaren Mercedes,78.0,1:45:15.556,RAI,2005
Europe,29 May 2005,Fernando Alonso,Renault,59.0,1:31:46.648,ALO,2005
Canada,12 Jun 2005,Kimi Rikknen,McLaren Mercedes,70.0,1:32:09.290,RAI,2005
United States,19 Jun 2005,Michael Schumacher,Ferrari,73.0,1:29:43.181,MSC,2005
France,03 Jul 2005,Fernando Alonso,Renault,70.0,1:31:22.233,ALO,2005
Great Britain,10 Jul 2005,Juan Pablo Montoya,McLaren Mercedes,60.0,1:24:29.588,MOY,2005
Germany,24 Jul 2005,Fernando Alonso,Renault,67.0,1:26:28.599,ALO,2005
Hungary,31 Jul 2005,Kimi Rikknen,McLaren Mercedes,70.0,1:37:25.552,RAI,2005
Turkey,21 Aug 2005,Kimi Rikknen,McLaren Mercedes,58.0,1:24:34.454,RAI,2005
Italy,04 Sep 2005,Juan Pablo Montoya,McLaren Mercedes,53.0,1:14:28.659,MOY,2005
Belgium,11 Sep 2005,Kimi Rikknen,McLaren Mercedes,44.0,1:30:01.295,RAI,2005
Brazil,25 Sep 2005,Juan Pablo Montoya,McLaren Mercedes,71.0,1:29:20.574,MOY,2005
Japan,09 Oct 2005,Kimi Rikknen,McLaren Mercedes,53.0,1:29:02.212,RAI,2005
China,16 Oct 2005,Fernando Alonso,Renault,56.0,1:39:53.618,ALO,2005
Bahrain,12 Mar 2006,Fernando Alonso,Renault,57.0,1:29:46.205,ALO,2006
Malaysia,19 Mar 2006,Giancarlo Fisichella,Renault,56.0,1:30:40.529,FIS,2006
Australia,02 Apr 2006,Fernando Alonso,Renault,57.0,1:34:27.870,ALO,2006
San Marino,23 Apr 2006,Michael Schumacher,Ferrari,62.0,1:31:06.486,MSC,2006
Europe,07 May 2006,Michael Schumacher,Ferrari,60.0,1:35:58.765,MSC,2006
Spain,14 May 2006,Fernando Alonso,Renault,66.0,1:26:21.759,ALO,2006
Monaco,28 May 2006,Fernando Alonso,Renault,78.0,1:43:43.116,ALO,2006
Great Britain,11 Jun 2006,Fernando Alonso,Renault,60.0,1:25:51.927,ALO,2006
Canada,25 Jun 2006,Fernando Alonso,Renault,70.0,1:34:37.308,ALO,2006
United States,02 Jul 2006,Michael Schumacher,Ferrari,73.0,1:34:35.199,MSC,2006
France,16 Jul 2006,Michael Schumacher,Ferrari,70.0,1:32:07.803,MSC,2006
Germany,30 Jul 2006,Michael Schumacher,Ferrari,67.0,1:27:51.693,MSC,2006
Hungary,06 Aug 2006,Jenson Button,Honda,70.0,1:52:20.941,BUT,2006
Turkey,27 Aug 2006,Felipe Massa,Ferrari,58.0,1:28:51.082,MAS,2006
Italy,10 Sep 2006,Michael Schumacher,Ferrari,53.0,1:14:51.975,MSC,2006
China,01 Oct 2006,Michael Schumacher,Ferrari,56.0,1:37:32.747,MSC,2006
Japan,08 Oct 2006,Fernando Alonso,Renault,53.0,1:23:53.413,ALO,2006
Brazil,22 Oct 2006,Felipe Massa,Ferrari,71.0,1:31:53.751,MAS,2006
Australia,18 Mar 2007,Kimi Rikknen,Ferrari,58.0,1:25:28.770,RAI,2007
Malaysia,08 Apr 2007,Fernando Alonso,McLaren Mercedes,56.0,1:32:14.930,ALO,2007
Bahrain,15 Apr 2007,Felipe Massa,Ferrari,57.0,1:33:27.515,MAS,2007
Spain,13 May 2007,Felipe Massa,Ferrari,65.0,1:31:36.230,MAS,2007
Monaco,27 May 2007,Fernando Alonso,McLaren Mercedes,78.0,1:40:29.329,ALO,2007
Canada,10 Jun 2007,Lewis Hamilton,McLaren Mercedes,70.0,1:44:11.292,HAM,2007
United States,17 Jun 2007,Lewis Hamilton,McLaren Mercedes,73.0,1:31:09.965,HAM,2007
France,01 Jul 2007,Kimi Rikknen,Ferrari,70.0,1:30:54.200,RAI,2007
Great Britain,08 Jul 2007,Kimi Rikknen,Ferrari,59.0,1:21:43.074,RAI,2007
Europe,22 Jul 2007,Fernando Alonso,McLaren Mercedes,60.0,2:06:26.358,ALO,2007
Hungary,05 Aug 2007,Lewis Hamilton,McLaren Mercedes,70.0,1:35:52.991,HAM,2007
Turkey,26 Aug 2007,Felipe Massa,Ferrari,58.0,1:26:42.161,MAS,2007
Italy,09 Sep 2007,Fernando Alonso,McLaren Mercedes,53.0,1:18:37.806,ALO,2007
Belgium,16 Sep 2007,Kimi Rikknen,Ferrari,44.0,1:20:39.066,RAI,2007
Japan,30 Sep 2007,Lewis Hamilton,McLaren Mercedes,67.0,2:00:34.579,HAM,2007
China,07 Oct 2007,Kimi Rikknen,Ferrari,56.0,1:37:58.395,RAI,2007
Brazil,21 Oct 2007,Kimi Rikknen,Ferrari,71.0,1:28:15.270,RAI,2007
Australia,16 Mar 2008,Lewis Hamilton,McLaren Mercedes,58.0,1:34:50.616,HAM,2008
Malaysia,23 Mar 2008,Kimi Rikknen,Ferrari,56.0,1:31:18.555,RAI,2008
Bahrain,06 Apr 2008,Felipe Massa,Ferrari,57.0,1:31:06.970,MAS,2008
Spain,27 Apr 2008,Kimi Rikknen,Ferrari,66.0,1:38:19.051,RAI,2008
Turkey,11 May 2008,Felipe Massa,Ferrari,58.0,1:26:49.451,MAS,2008
Monaco,25 May 2008,Lewis Hamilton,McLaren Mercedes,76.0,2:00:42.742,HAM,2008
Canada,08 Jun 2008,Robert Kubica,Sauber BMW,70.0,1:36:24.447,KUB,2008
France,22 Jun 2008,Felipe Massa,Ferrari,70.0,1:31:50.245,MAS,2008
Great Britain,06 Jul 2008,Lewis Hamilton,McLaren Mercedes,60.0,1:39:09.440,HAM,2008
Germany,20 Jul 2008,Lewis Hamilton,McLaren Mercedes,67.0,1:31:20.874,HAM,2008
Hungary,03 Aug 2008,Heikki Kovalainen,McLaren Mercedes,70.0,1:37:27.067,KOV,2008
Europe,24 Aug 2008,Felipe Massa,Ferrari,57.0,1:35:32.339,MAS,2008
Belgium,07 Sep 2008,Felipe Massa,Ferrari,44.0,1:22:59.394,MAS,2008
Italy,14 Sep 2008,Sebastian Vettel,STR Ferrari,53.0,1:26:47.494,VET,2008
Singapore,28 Sep 2008,Fernando Alonso,Renault,61.0,1:57:16.304,ALO,2008
Japan,12 Oct 2008,Fernando Alonso,Renault,67.0,1:30:21.892,ALO,2008
China,19 Oct 2008,Lewis Hamilton,McLaren Mercedes,56.0,1:31:57.403,HAM,2008
Brazil,02 Nov 2008,Felipe Massa,Ferrari,71.0,1:34:11.435,MAS,2008
Australia,29 Mar 2009,Jenson Button,Brawn Mercedes,58.0,1:34:15.784,BUT,2009
Malaysia,05 Apr 2009,Jenson Button,Brawn Mercedes,31.0,55:30.622,BUT,2009
China,19 Apr 2009,Sebastian Vettel,RBR Renault,56.0,1:57:43.485,VET,2009
Bahrain,26 Apr 2009,Jenson Button,Brawn Mercedes,57.0,1:31:48.182,BUT,2009
Spain,10 May 2009,Jenson Button,Brawn Mercedes,66.0,1:37:19.202,BUT,2009
Monaco,24 May 2009,Jenson Button,Brawn Mercedes,78.0,1:40:44.282,BUT,2009
Turkey,07 Jun 2009,Jenson Button,Brawn Mercedes,58.0,1:26:24.848,BUT,2009
Great Britain,21 Jun 2009,Sebastian Vettel,RBR Renault,60.0,1:22:49.328,VET,2009
Germany,12 Jul 2009,Mark Webber,RBR Renault,60.0,1:36:43.310,WEB,2009
Hungary,26 Jul 2009,Lewis Hamilton,McLaren Mercedes,70.0,1:38:23.876,HAM,2009
Europe,23 Aug 2009,Rubens Barrichello,Brawn Mercedes,57.0,1:35:51.289,BAR,2009
Belgium,30 Aug 2009,Kimi Rikknen,Ferrari,44.0,1:23:50.995,RAI,2009
Italy,13 Sep 2009,Rubens Barrichello,Brawn Mercedes,53.0,1:16:21.706,BAR,2009
Singapore,27 Sep 2009,Lewis Hamilton,McLaren Mercedes,61.0,1:56:06.337,HAM,2009
Japan,04 Oct 2009,Sebastian Vettel,RBR Renault,53.0,1:28:20.443,VET,2009
Brazil,18 Oct 2009,Mark Webber,RBR Renault,71.0,1:32:23.081,WEB,2009
Abu Dhabi,01 Nov 2009,Sebastian Vettel,RBR Renault,55.0,1:34:03.414,VET,2009
Bahrain,14 Mar 2010,Fernando Alonso,Ferrari,49.0,1:39:20.396,ALO,2010
Australia,28 Mar 2010,Jenson Button,McLaren Mercedes,58.0,1:33:36.531,BUT,2010
Malaysia,04 Apr 2010,Sebastian Vettel,RBR Renault,56.0,1:33:48.412,VET,2010
China,18 Apr 2010,Jenson Button,McLaren Mercedes,56.0,1:46:42.163,BUT,2010
Spain,09 May 2010,Mark Webber,RBR Renault,66.0,1:35:44.101,WEB,2010
Monaco,16 May 2010,Mark Webber,RBR Renault,78.0,1:50:13.355,WEB,2010
Turkey,30 May 2010,Lewis Hamilton,McLaren Mercedes,58.0,1:28:47.620,HAM,2010
Canada,13 Jun 2010,Lewis Hamilton,McLaren Mercedes,70.0,1:33:53.456,HAM,2010
Europe,27 Jun 2010,Sebastian Vettel,RBR Renault,57.0,1:40:29.571,VET,2010
Great Britain,11 Jul 2010,Mark Webber,RBR Renault,52.0,1:24:38.200,WEB,2010
Germany,25 Jul 2010,Fernando Alonso,Ferrari,67.0,1:27:38.864,ALO,2010
Hungary,01 Aug 2010,Mark Webber,RBR Renault,70.0,1:41:05.571,WEB,2010
Belgium,29 Aug 2010,Lewis Hamilton,McLaren Mercedes,44.0,1:29:04.268,HAM,2010
Italy,12 Sep 2010,Fernando Alonso,Ferrari,53.0,1:16:24.572,ALO,2010
Singapore,26 Sep 2010,Fernando Alonso,Ferrari,61.0,1:57:53.579,ALO,2010
Japan,10 Oct 2010,Sebastian Vettel,RBR Renault,53.0,1:30:27.323,VET,2010
South Korea,24 Oct 2010,Fernando Alonso,Ferrari,55.0,2:48:20.810,ALO,2010
Brazil,07 Nov 2010,Sebastian Vettel,RBR Renault,71.0,1:33:11.803,VET,2010
Abu Dhabi,14 Nov 2010,Sebastian Vettel,RBR Renault,55.0,1:39:36.837,VET,2010
Australia,27 Mar 2011,Sebastian Vettel,Red Bull Racing Renault,58.0,1:29:30.259,VET,2011
Malaysia,10 Apr 2011,Sebastian Vettel,Red Bull Racing Renault,56.0,1:37:39.832,VET,2011
China,17 Apr 2011,Lewis Hamilton,McLaren Mercedes,56.0,1:36:58.226,HAM,2011
Turkey,08 May 2011,Sebastian Vettel,Red Bull Racing Renault,58.0,1:30:17.558,VET,2011
Spain,22 May 2011,Sebastian Vettel,Red Bull Racing Renault,66.0,1:39:03.301,VET,2011
Monaco,29 May 2011,Sebastian Vettel,Red Bull Racing Renault,78.0,2:09:38.373,VET,2011
Canada,12 Jun 2011,Jenson Button,McLaren Mercedes,70.0,4:04:39.537,BUT,2011
Europe,26 Jun 2011,Sebastian Vettel,Red Bull Racing Renault,57.0,1:39:36.169,VET,2011
Great Britain,10 Jul 2011,Fernando Alonso,Ferrari,52.0,1:28:41.196,ALO,2011
Germany,24 Jul 2011,Lewis Hamilton,McLaren Mercedes,60.0,1:37:30.334,HAM,2011
Hungary,31 Jul 2011,Jenson Button,McLaren Mercedes,70.0,1:46:42.337,BUT,2011
Belgium,28 Aug 2011,Sebastian Vettel,Red Bull Racing Renault,44.0,1:26:44.893,VET,2011
Italy,11 Sep 2011,Sebastian Vettel,Red Bull Racing Renault,53.0,1:20:46.172,VET,2011
Singapore,25 Sep 2011,Sebastian Vettel,Red Bull Racing Renault,61.0,1:59:06.757,VET,2011
Japan,09 Oct 2011,Jenson Button,McLaren Mercedes,53.0,1:30:53.427,BUT,2011
South Korea,16 Oct 2011,Sebastian Vettel,Red Bull Racing Renault,55.0,1:38:01.994,VET,2011
India,30 Oct 2011,Sebastian Vettel,Red Bull Racing Renault,60.0,1:30:35.002,VET,2011
Abu Dhabi,13 Nov 2011,Lewis Hamilton,McLaren Mercedes,55.0,1:37:11.886,HAM,2011
Brazil,27 Nov 2011,Mark Webber,Red Bull Racing Renault,71.0,1:32:17.464,WEB,2011
Australia,18 Mar 2012,Jenson Button,McLaren Mercedes,58.0,1:34:09.565,BUT,2012
Malaysia,25 Mar 2012,Fernando Alonso,Ferrari,56.0,2:44:51.812,ALO,2012
China,15 Apr 2012,Nico Rosberg,Mercedes,56.0,1:36:26.929,ROS,2012
Bahrain,22 Apr 2012,Sebastian Vettel,Red Bull Racing Renault,57.0,1:35:10.990,VET,2012
Spain,13 May 2012,Pastor Maldonado,Williams Renault,66.0,1:39:09.145,MAL,2012
Monaco,27 May 2012,Mark Webber,Red Bull Racing Renault,78.0,1:46:06.557,WEB,2012
Canada,10 Jun 2012,Lewis Hamilton,McLaren Mercedes,70.0,1:32:29.586,HAM,2012
Europe,24 Jun 2012,Fernando Alonso,Ferrari,57.0,1:44:16.649,ALO,2012
Great Britain,08 Jul 2012,Mark Webber,Red Bull Racing Renault,52.0,1:25:11.288,WEB,2012
Germany,22 Jul 2012,Fernando Alonso,Ferrari,67.0,1:31:05.862,ALO,2012
Hungary,29 Jul 2012,Lewis Hamilton,McLaren Mercedes,69.0,1:41:05.503,HAM,2012
Belgium,02 Sep 2012,Jenson Button,McLaren Mercedes,44.0,1:29:08.530,BUT,2012
Italy,09 Sep 2012,Lewis Hamilton,McLaren Mercedes,53.0,1:19:41.221,HAM,2012
Singapore,23 Sep 2012,Sebastian Vettel,Red Bull Racing Renault,59.0,2:00:26.144,VET,2012
Japan,07 Oct 2012,Sebastian Vettel,Red Bull Racing Renault,53.0,1:28:56.242,VET,2012
South Korea,14 Oct 2012,Sebastian Vettel,Red Bull Racing Renault,55.0,1:36:28.651,VET,2012
India,28 Oct 2012,Sebastian Vettel,Red Bull Racing Renault,60.0,1:31:10.744,VET,2012
Abu Dhabi,04 Nov 2012,Kimi Rikknen,Lotus Renault,55.0,1:45:58.667,RAI,2012
United States,18 Nov 2012,Lewis Hamilton,McLaren Mercedes,56.0,1:35:55.269,HAM,2012
Brazil,25 Nov 2012,Jenson Button,McLaren Mercedes,71.0,1:45:22.656,BUT,2012
Australia,17 Mar 2013,Kimi Rikknen,Lotus Renault,58.0,1:30:03.225,RAI,2013
Malaysia,24 Mar 2013,Sebastian Vettel,Red Bull Racing Renault,56.0,1:38:56.681,VET,2013
China,14 Apr 2013,Fernando Alonso,Ferrari,56.0,1:36:26.945,ALO,2013
Bahrain,21 Apr 2013,Sebastian Vettel,Red Bull Racing Renault,57.0,1:36:00.498,VET,2013
Spain,12 May 2013,Fernando Alonso,Ferrari,66.0,1:39:16.596,ALO,2013
Monaco,26 May 2013,Nico Rosberg,Mercedes,78.0,2:17:52.056,ROS,2013
Canada,09 Jun 2013,Sebastian Vettel,Red Bull Racing Renault,70.0,1:32:09.143,VET,2013
Great Britain,30 Jun 2013,Nico Rosberg,Mercedes,52.0,1:32:59.456,ROS,2013
Germany,07 Jul 2013,Sebastian Vettel,Red Bull Racing Renault,60.0,1:41:14.711,VET,2013
Hungary,28 Jul 2013,Lewis Hamilton,Mercedes,70.0,1:42:29.445,HAM,2013
Belgium,25 Aug 2013,Sebastian Vettel,Red Bull Racing Renault,44.0,1:23:42.196,VET,2013
Italy,08 Sep 2013,Sebastian Vettel,Red Bull Racing Renault,53.0,1:18:33.352,VET,2013
Singapore,22 Sep 2013,Sebastian Vettel,Red Bull Racing Renault,61.0,1:59:13.132,VET,2013
South Korea,06 Oct 2013,Sebastian Vettel,Red Bull Racing Renault,55.0,1:43:13.701,VET,2013
Japan,13 Oct 2013,Sebastian Vettel,Red Bull Racing Renault,53.0,1:26:49.301,VET,2013
India,27 Oct 2013,Sebastian Vettel,Red Bull Racing Renault,60.0,1:31:12.187,VET,2013
Abu Dhabi,03 Nov 2013,Sebastian Vettel,Red Bull Racing Renault,55.0,1:38:06.106,VET,2013
United States,17 Nov 2013,Sebastian Vettel,Red Bull Racing Renault,56.0,1:39:17.148,VET,2013
Brazil,24 Nov 2013,Sebastian Vettel,Red Bull Racing Renault,71.0,1:32:36.300,VET,2013
Australia,16 Mar 2014,Nico Rosberg,Mercedes,57.0,1:32:58.710,ROS,2014
Malaysia,30 Mar 2014,Lewis Hamilton,Mercedes,56.0,1:40:25.974,HAM,2014
Bahrain,06 Apr 2014,Lewis Hamilton,Mercedes,57.0,1:39:42.743,HAM,2014
China,20 Apr 2014,Lewis Hamilton,Mercedes,54.0,1:33:28.338,HAM,2014
Spain,11 May 2014,Lewis Hamilton,Mercedes,66.0,1:41:05.155,HAM,2014
Monaco,25 May 2014,Nico Rosberg,Mercedes,78.0,1:49:27.661,ROS,2014
Canada,08 Jun 2014,Daniel Ricciardo,Red Bull Racing Renault,70.0,1:39:12.830,RIC,2014
Austria,22 Jun 2014,Nico Rosberg,Mercedes,71.0,1:27:54.976,ROS,2014
Great Britain,06 Jul 2014,Lewis Hamilton,Mercedes,52.0,2:26:52.094,HAM,2014
Germany,20 Jul 2014,Nico Rosberg,Mercedes,67.0,1:33:42.914,ROS,2014
Hungary,27 Jul 2014,Daniel Ricciardo,Red Bull Racing Renault,70.0,1:53:05.058,RIC,2014
Belgium,24 Aug 2014,Daniel Ricciardo,Red Bull Racing Renault,44.0,1:24:36.556,RIC,2014
Italy,07 Sep 2014,Lewis Hamilton,Mercedes,53.0,1:19:10.236,HAM,2014
Singapore,21 Sep 2014,Lewis Hamilton,Mercedes,60.0,2:00:04.795,HAM,2014
Japan,05 Oct 2014,Lewis Hamilton,Mercedes,44.0,1:51:43.021,HAM,2014
Russia,21 Oct 2014,Lewis Hamilton,Mercedes,53.0,1:31:50.744,HAM,2014
United States,02 Nov 2014,Lewis Hamilton,Mercedes,56.0,1:40:04.785,HAM,2014
Brazil,09 Nov 2014,Nico Rosberg,Mercedes,71.0,1:30:02.555,ROS,2014
Abu Dhabi,23 Nov 2014,Lewis Hamilton,Mercedes,55.0,1:39:02.619,HAM,2014
Australia,15 Mar 2015,Lewis Hamilton,Mercedes,58.0,1:31:54.067,HAM,2015
Malaysia,29 Mar 2015,Sebastian Vettel,Ferrari,56.0,1:41:05.793,VET,2015
China,12 Apr 2015,Lewis Hamilton,Mercedes,56.0,1:39:42.008,HAM,2015
Bahrain,19 Apr 2015,Lewis Hamilton,Mercedes,57.0,1:35:05.809,HAM,2015
Spain,10 May 2015,Nico Rosberg,Mercedes,66.0,1:41:12.555,ROS,2015
Monaco,24 May 2015,Nico Rosberg,Mercedes,78.0,1:49:18.420,ROS,2015
Canada,07 Jun 2015,Lewis Hamilton,Mercedes,70.0,1:31:53.145,HAM,2015
Austria,21 Jun 2015,Nico Rosberg,Mercedes,71.0,1:30:16.930,ROS,2015
Great Britain,05 Jul 2015,Lewis Hamilton,Mercedes,52.0,1:31:27.729,HAM,2015
Hungary,26 Jul 2015,Sebastian Vettel,Ferrari,69.0,1:46:09.985,VET,2015
Belgium,23 Aug 2015,Lewis Hamilton,Mercedes,43.0,1:23:40.387,HAM,2015
Italy,06 Sep 2015,Lewis Hamilton,Mercedes,53.0,1:18:00.688,HAM,2015
Singapore,20 Sep 2015,Sebastian Vettel,Ferrari,61.0,2:01:22.118,VET,2015
Japan,27 Sep 2015,Lewis Hamilton,Mercedes,53.0,1:28:06.508,HAM,2015
Russia,11 Oct 2015,Lewis Hamilton,Mercedes,53.0,1:37:11.024,HAM,2015
United States,25 Oct 2015,Lewis Hamilton,Mercedes,56.0,1:50:52.703,HAM,2015
Mexico,01 Nov 2015,Nico Rosberg,Mercedes,71.0,1:42:35.038,ROS,2015
Brazil,15 Nov 2015,Nico Rosberg,Mercedes,71.0,1:31:09.090,ROS,2015
Abu Dhabi,29 Nov 2015,Nico Rosberg,Mercedes,55.0,1:38:30.175,ROS,2015
Australia,20 Mar 2016,Nico Rosberg,Mercedes,57.0,1:48:15.565,ROS,2016
Bahrain,03 Apr 2016,Nico Rosberg,Mercedes,57.0,1:33:34.696,ROS,2016
China,17 Apr 2016,Nico Rosberg,Mercedes,56.0,1:38:53.891,ROS,2016
Russia,01 May 2016,Nico Rosberg,Mercedes,53.0,1:32:41.997,ROS,2016
Spain,15 May 2016,Max Verstappen,Red Bull Racing TAG Heuer,66.0,1:41:40.017,VES,2016
Monaco,29 May 2016,Lewis Hamilton,Mercedes,78.0,1:59:29.133,HAM,2016
Canada,12 Jun 2016,Lewis Hamilton,Mercedes,70.0,1:31:05.296,HAM,2016
Europe,19 Jun 2016,Nico Rosberg,Mercedes,51.0,1:32:52.366,ROS,2016
Austria,03 Jul 2016,Lewis Hamilton,Mercedes,71.0,1:27:38.107,HAM,2016
Great Britain,10 Jul 2016,Lewis Hamilton,Mercedes,52.0,1:34:55.831,HAM,2016
Hungary,24 Jul 2016,Lewis Hamilton,Mercedes,70.0,1:40:30.115,HAM,2016
Germany,31 Jul 2016,Lewis Hamilton,Mercedes,67.0,1:30:44.200,HAM,2016
Belgium,28 Aug 2016,Nico Rosberg,Mercedes,44.0,1:44:51.058,ROS,2016
Italy,04 Sep 2016,Nico Rosberg,Mercedes,53.0,1:17:28.089,ROS,2016
Singapore,18 Sep 2016,Nico Rosberg,Mercedes,61.0,1:55:48.950,ROS,2016
Malaysia,02 Oct 2016,Daniel Ricciardo,Red Bull Racing TAG Heuer,56.0,1:37:12.776,RIC,2016
Japan,09 Oct 2016,Nico Rosberg,Mercedes,53.0,1:26:43.333,ROS,2016
United States,23 Oct 2016,Lewis Hamilton,Mercedes,56.0,1:38:12.618,HAM,2016
Mexico,30 Oct 2016,Lewis Hamilton,Mercedes,71.0,1:40:31.402,HAM,2016
Brazil,13 Nov 2016,Lewis Hamilton,Mercedes,71.0,3:01:01.335,HAM,2016
Abu Dhabi,27 Nov 2016,Lewis Hamilton,Mercedes,55.0,1:38:04.013,HAM,2016
Australia,26 Mar 2017,Sebastian Vettel,Ferrari,57.0,1:24:11.672,VET,2017
China,09 Apr 2017,Lewis Hamilton,Mercedes,56.0,1:37:36.158,HAM,2017
Bahrain,16 Apr 2017,Sebastian Vettel,Ferrari,57.0,1:33:53.374,VET,2017
Russia,30 Apr 2017,Valtteri Bottas,Mercedes,52.0,1:28:08.743,BOT,2017
Spain,14 May 2017,Lewis Hamilton,Mercedes,66.0,1:35:56.497,HAM,2017
Monaco,28 May 2017,Sebastian Vettel,Ferrari,78.0,1:44:44.340,VET,2017
Canada,11 Jun 2017,Lewis Hamilton,Mercedes,70.0,1:33:05.154,HAM,2017
Azerbaijan,25 Jun 2017,Daniel Ricciardo,Red Bull Racing TAG Heuer,51.0,2:03:55.573,RIC,2017
Austria,09 Jul 2017,Valtteri Bottas,Mercedes,71.0,1:21:48.523,BOT,2017
Great Britain,16 Jul 2017,Lewis Hamilton,Mercedes,51.0,1:21:27.430,HAM,2017
Hungary,30 Jul 2017,Sebastian Vettel,Ferrari,70.0,1:39:46.713,VET,2017
Belgium,27 Aug 2017,Lewis Hamilton,Mercedes,44.0,1:24:42.820,HAM,2017
Italy,03 Sep 2017,Lewis Hamilton,Mercedes,53.0,1:15:32.312,HAM,2017
Singapore,17 Sep 2017,Lewis Hamilton,Mercedes,58.0,2:03:23.544,HAM,2017
Malaysia,01 Oct 2017,Max Verstappen,Red Bull Racing TAG Heuer,56.0,1:30:01.290,VER,2017
Japan,08 Oct 2017,Lewis Hamilton,Mercedes,53.0,1:27:31.194,HAM,2017
United States,22 Oct 2017,Lewis Hamilton,Mercedes,56.0,1:33:50.991,HAM,2017
Mexico,29 Oct 2017,Max Verstappen,Red Bull Racing TAG Heuer,71.0,1:36:26.552,VER,2017
Brazil,12 Nov 2017,Sebastian Vettel,Ferrari,71.0,1:31:26.262,VET,2017
Abu Dhabi,26 Nov 2017,Valtteri Bottas,Mercedes,55.0,1:34:14.062,BOT,2017
Australia,25 Mar 2018,Sebastian Vettel,Ferrari,58.0,1:29:33.283,VET,2018
Bahrain,08 Apr 2018,Sebastian Vettel,Ferrari,57.0,1:32:01.940,VET,2018
China,15 Apr 2018,Daniel Ricciardo,Red Bull Racing TAG Heuer,56.0,1:35:36.380,RIC,2018
Azerbaijan,29 Apr 2018,Lewis Hamilton,Mercedes,51.0,1:43:44.291,HAM,2018
Spain,13 May 2018,Lewis Hamilton,Mercedes,66.0,1:35:29.972,HAM,2018
Monaco,27 May 2018,Daniel Ricciardo,Red Bull Racing TAG Heuer,78.0,1:42:54.807,RIC,2018
Canada,10 Jun 2018,Sebastian Vettel,Ferrari,68.0,1:28:31.377,VET,2018
France,24 Jun 2018,Lewis Hamilton,Mercedes,53.0,1:30:11.385,HAM,2018
Austria,01 Jul 2018,Max Verstappen,Red Bull Racing TAG Heuer,71.0,1:21:56.024,VER,2018
Great Britain,08 Jul 2018,Sebastian Vettel,Ferrari,52.0,1:27:29.784,VET,2018
Germany,22 Jul 2018,Lewis Hamilton,Mercedes,67.0,1:32:29.845,HAM,2018
Hungary,29 Jul 2018,Lewis Hamilton,Mercedes,70.0,1:37:16.427,HAM,2018
Belgium,26 Aug 2018,Sebastian Vettel,Ferrari,44.0,1:23:34.476,VET,2018
Italy,02 Sep 2018,Lewis Hamilton,Mercedes,53.0,1:16:54.484,HAM,2018
Singapore,16 Sep 2018,Lewis Hamilton,Mercedes,61.0,1:51:11.611,HAM,2018
Russia,30 Sep 2018,Lewis Hamilton,Mercedes,53.0,1:27:25.181,HAM,2018
Japan,07 Oct 2018,Lewis Hamilton,Mercedes,53.0,1:27:17.062,HAM,2018
United States,21 Oct 2018,Kimi Rikknen,Ferrari,56.0,1:34:18.643,RAI,2018
Mexico,28 Oct 2018,Max Verstappen,Red Bull Racing TAG Heuer,71.0,1:38:28.851,VER,2018
Brazil,11 Nov 2018,Lewis Hamilton,Mercedes,71.0,1:27:09.066,HAM,2018
Abu Dhabi,25 Nov 2018,Lewis Hamilton,Mercedes,55.0,1:39:40.382,HAM,2018
Australia,17 Mar 2019,Valtteri Bottas,Mercedes,58.0,1:25:27.325,BOT,2019
Bahrain,31 Mar 2019,Lewis Hamilton,Mercedes,57.0,1:34:21.295,HAM,2019
China,14 Apr 2019,Lewis Hamilton,Mercedes,56.0,1:32:06.350,HAM,2019
Azerbaijan,28 Apr 2019,Valtteri Bottas,Mercedes,51.0,1:31:52.942,BOT,2019
Spain,12 May 2019,Lewis Hamilton,Mercedes,66.0,1:35:50.443,HAM,2019
Monaco,26 May 2019,Lewis Hamilton,Mercedes,78.0,1:43:28.437,HAM,2019
Canada,09 Jun 2019,Lewis Hamilton,Mercedes,70.0,1:29:07.084,HAM,2019
France,23 Jun 2019,Lewis Hamilton,Mercedes,53.0,1:24:31.198,HAM,2019
Austria,30 Jun 2019,Max Verstappen,Red Bull Racing Honda,71.0,1:22:01.822,VER,2019
Great Britain,14 Jul 2019,Lewis Hamilton,Mercedes,52.0,1:21:08.452,HAM,2019
Germany,28 Jul 2019,Max Verstappen,Red Bull Racing Honda,64.0,1:44:31.275,VER,2019
Hungary,04 Aug 2019,Lewis Hamilton,Mercedes,70.0,1:35:03.796,HAM,2019
Belgium,01 Sep 2019,Charles Leclerc,Ferrari,44.0,1:23:45.710,LEC,2019
Italy,08 Sep 2019,Charles Leclerc,Ferrari,53.0,1:15:26.665,LEC,2019
Singapore,22 Sep 2019,Sebastian Vettel,Ferrari,61.0,1:58:33.667,VET,2019
Russia,29 Sep 2019,Lewis Hamilton,Mercedes,53.0,1:33:38.992,HAM,2019
Japan,13 Oct 2019,Valtteri Bottas,Mercedes,52.0,1:21:46.755,BOT,2019
Mexico,27 Oct 2019,Lewis Hamilton,Mercedes,71.0,1:36:48.904,HAM,2019
United States,03 Nov 2019,Valtteri Bottas,Mercedes,56.0,1:33:55.653,BOT,2019
Brazil,17 Nov 2019,Max Verstappen,Red Bull Racing Honda,71.0,1:33:14.678,VER,2019
Abu Dhabi,01 Dec 2019,Lewis Hamilton,Mercedes,55.0,1:34:05.715,HAM,2019
Austria,05 Jul 2020,Valtteri Bottas,Mercedes,71.0,1:30:55.739,BOT,2020
Styria,12 Jul 2020,Lewis Hamilton,Mercedes,71.0,1:22:50.683,HAM,2020
Hungary,19 Jul 2020,Lewis Hamilton,Mercedes,70.0,1:36:12.473,HAM,2020
Great Britain,02 Aug 2020,Lewis Hamilton,Mercedes,52.0,1:28:01.283,HAM,2020
70th Anniversary,09 Aug 2020,Max Verstappen,Red Bull Racing Honda,52.0,1:19:41.993,VER,2020
Spain,16 Aug 2020,Lewis Hamilton,Mercedes,66.0,1:31:45.279,HAM,2020
Belgium,30 Aug 2020,Lewis Hamilton,Mercedes,44.0,1:24:08.761,HAM,2020
Italy,06 Sep 2020,Pierre Gasly,AlphaTauri Honda,53.0,1:47:06.056,GAS,2020
Tuscany,13 Sep 2020,Lewis Hamilton,Mercedes,59.0,2:19:35.060,HAM,2020
Russia,27 Sep 2020,Valtteri Bottas,Mercedes,53.0,1:34:00.364,BOT,2020
Eifel,11 Oct 2020,Lewis Hamilton,Mercedes,60.0,1:35:49.641,HAM,2020
Portugal,25 Oct 2020,Lewis Hamilton,Mercedes,66.0,1:29:56.828,HAM,2020
Emilia Romagna,01 Nov 2020,Lewis Hamilton,Mercedes,63.0,1:28:32.430,HAM,2020
Turkey,15 Nov 2020,Lewis Hamilton,Mercedes,58.0,1:42:19.313,HAM,2020
Bahrain,29 Nov 2020,Lewis Hamilton,Mercedes,57.0,2:59:47.515,HAM,2020
Sakhir,06 Dec 2020,Sergio Perez,Racing Point BWT Mercedes,87.0,1:31:15.114,PER,2020
Abu Dhabi,13 Dec 2020,Max Verstappen,Red Bull Racing Honda,55.0,1:36:28.645,VER,2020
Bahrain,28 Mar 2021,Lewis Hamilton,Mercedes,56.0,1:32:03.897,HAM,2021
Emilia Romagna,18 Apr 2021,Max Verstappen,Red Bull Racing Honda,63.0,2:02:34.598,VER,2021
Portugal,02 May 2021,Lewis Hamilton,Mercedes,66.0,1:34:31.421,HAM,2021
Spain,09 May 2021,Lewis Hamilton,Mercedes,66.0,1:33:07.680,HAM,2021
Monaco,23 May 2021,Max Verstappen,Red Bull Racing Honda,78.0,1:38:56.820,VER,2021
Azerbaijan,06 Jun 2021,Sergio Perez,Red Bull Racing Honda,51.0,2:13:36.410,PER,2021
France,20 Jun 2021,Max Verstappen,Red Bull Racing Honda,53.0,1:27:25.770,VER,2021
Styria,27 Jun 2021,Max Verstappen,Red Bull Racing Honda,71.0,1:22:18.925,VER,2021
Austria,04 Jul 2021,Max Verstappen,Red Bull Racing Honda,71.0,1:23:54.543,VER,2021
Great Britain,18 Jul 2021,Lewis Hamilton,Mercedes,52.0,1:58:23.284,HAM,2021
Hungary,01 Aug 2021,Esteban Ocon,Alpine Renault,70.0,2:04:43.199,OCO,2021
Belgium,29 Aug 2021,Max Verstappen,Red Bull Racing Honda,1.0,0:03:27.071,VER,2021
Netherlands,05 Sep 2021,Max Verstappen,Red Bull Racing Honda,72.0,1:30:05.395,VER,2021
Italy,12 Sep 2021,Daniel Ricciardo,McLaren Mercedes,53.0,1:21:54.365,RIC,2021
Russia,26 Sep 2021,Lewis Hamilton,Mercedes,53.0,1:30:41.001,HAM,2021
Turkey,10 Oct 2021,Valtteri Bottas,Mercedes,58.0,1:31:04.103,BOT,2021
United States,24 Oct 2021,Max Verstappen,Red Bull Racing Honda,56.0,1:34:36.552,VER,2021
Mexico,07 Nov 2021,Max Verstappen,Red Bull Racing Honda,71.0,1:38:39.086,VER,2021
Brazil,14 Nov 2021,Lewis Hamilton,Mercedes,71.0,1:32:22.851,HAM,2021
Qatar,21 Nov 2021,Lewis Hamilton,Mercedes,57.0,1:24:28.471,HAM,2021
Saudi Arabia,05 Dec 2021,Lewis Hamilton,Mercedes,50.0,2:06:15.118,HAM,2021
Abu Dhabi,12 Dec 2021,Max Verstappen,Red Bull Racing Honda,58.0,1:30:17.345,VER,2021
Bahrain,20 Mar 2022,Charles Leclerc,Ferrari,57.0,1:37:33.584,LEC,2022
Saudi Arabia,27 Mar 2022,Max Verstappen,Red Bull Racing RBPT,50.0,1:24:19.293,VER,2022
Australia,10 Apr 2022,Charles Leclerc,Ferrari,58.0,1:27:46.548,LEC,2022
Emilia Romagna,24 Apr 2022,Max Verstappen,Red Bull Racing RBPT,63.0,1:32:07.986,VER,2022
Miami,08 May 2022,Max Verstappen,Red Bull Racing RBPT,57.0,1:34:24.258,VER,2022
Spain,22 May 2022,Max Verstappen,Red Bull Racing RBPT,66.0,1:37:20.475,VER,2022
Monaco,29 May 2022,Sergio Perez,Red Bull Racing RBPT,64.0,1:56:30.265,PER,2022
Azerbaijan,12 Jun 2022,Max Verstappen,Red Bull Racing RBPT,51.0,1:34:05.941,VER,2022
Canada,19 Jun 2022,Max Verstappen,Red Bull Racing RBPT,70.0,1:36:21.757,VER,2022
Great Britain,03 Jul 2022,Carlos Sainz,Ferrari,52.0,2:17:50.311,SAI,2022
Austria,10 Jul 2022,Charles Leclerc,Ferrari,71.0,1:24:24.312,LEC,2022
France,24 Jul 2022,Max Verstappen,Red Bull Racing RBPT,53.0,1:30:02.112,VER,2022
Hungary,31 Jul 2022,Max Verstappen,Red Bull Racing RBPT,70.0,1:39:35.912,VER,2022
Belgium,28 Aug 2022,Max Verstappen,Red Bull Racing RBPT,44.0,1:25:52.894,VER,2022
Netherlands,04 Sep 2022,Max Verstappen,Red Bull Racing RBPT,72.0,1:36:42.773,VER,2022
Italy,11 Sep 2022,Max Verstappen,Red Bull Racing RBPT,53.0,1:20:27.511,VER,2022
Singapore,02 Oct 2022,Sergio Perez,Red Bull Racing RBPT,59.0,2:02:20.238,PER,2022
Japan,09 Oct 2022,Max Verstappen,Red Bull Racing RBPT,28.0,3:01:44.004,VER,2022
United States,23 Oct 2022,Max Verstappen,Red Bull Racing RBPT,56.0,1:42:11.687,VER,2022
Mexico,30 Oct 2022,Max Verstappen,Red Bull Racing RBPT,71.0,1:38:36.729,VER,2022
Brazil,13 Nov 2022,George Russell,Mercedes,71.0,1:38:34.044,RUS,2022
Abu Dhabi,20 Nov 2022,Max Verstappen,Red Bull Racing RBPT,58.0,1:27:45.914,VER,2022
